Date,Open,High,Low,Close,Volume
,BAJAJFINSV.NS,BAJAJFINSV.NS,BAJAJFINSV.NS,BAJAJFINSV.NS,BAJAJFINSV.NS
2020-12-31,894.9000244140625,903.0,884.0,890.635009765625,4760500
2021-01-01,893.0,895.8699951171875,884.0,887.0449829101562,2881010
2021-01-04,894.0,906.5,884.1749877929688,889.875,6133060
2021-01-05,890.0050048828125,892.0,873.6950073242188,882.0850219726562,4862140
2021-01-06,890.0,890.0,863.5999755859375,878.635009765625,5991930
2021-01-07,882.0,906.9000244140625,881.2000122070312,898.7999877929688,6016480
2021-01-08,903.5999755859375,926.5,894.7999877929688,917.1599731445312,8242610
2021-01-11,920.0999755859375,926.2000122070312,895.5,898.6099853515625,5424440
2021-01-12,900.4000244140625,906.989990234375,892.25,895.9000244140625,5770450
2021-01-13,900.47998046875,903.0,871.0150146484375,879.364990234375,5140780
2021-01-14,881.4000244140625,892.9949951171875,867.5,874.7349853515625,5684370
2021-01-15,875.47998046875,882.6199951171875,861.0,863.6099853515625,5196510
2021-01-18,863.6099853515625,863.6099853515625,827.3699951171875,835.4600219726562,6344360
2021-01-19,840.0,897.7999877929688,840.0,892.4149780273438,13797180
2021-01-20,893.7999877929688,902.5,883.7999877929688,893.8250122070312,7864960
2021-01-21,899.5,938.885009765625,895.0499877929688,905.280029296875,16453770
2021-01-22,907.0,921.3499755859375,896.52001953125,907.0999755859375,8398220
2021-01-25,914.4000244140625,934.489990234375,908.0,919.8900146484375,7811220
2021-01-27,916.5,928.4949951171875,904.2050170898438,912.6099853515625,6166310
2021-01-28,902.0,921.5250244140625,881.760009765625,895.530029296875,8447360
2021-01-29,904.1950073242188,910.9349975585938,867.5549926757812,872.2750244140625,7273520
2021-02-01,875.0,983.8900146484375,863.7999877929688,972.1799926757812,15653650
2021-02-02,982.77001953125,999.0,931.5,947.6300048828125,13943900
2021-02-03,956.1599731445312,963.9299926757812,943.5349731445312,953.60498046875,6235450
2021-02-04,951.0,976.0,947.0499877929688,970.0549926757812,6047270
2021-02-05,978.0,994.0,955.5999755859375,972.219970703125,9225610
2021-02-08,975.0,1011.0,973.8049926757812,1002.10498046875,9858550
2021-02-09,1006.7000122070312,1006.7999877929688,988.2000122070312,994.1649780273438,5126070
2021-02-10,990.0999755859375,1035.4599609375,990.0999755859375,1022.7949829101562,14306670
2021-02-11,1010.5,1041.7900390625,1010.5,1021.6649780273438,7155380
2021-02-12,1025.0,1033.114990234375,1016.7999877929688,1027.8800048828125,3802850
2021-02-15,1033.02001953125,1057.9000244140625,1028.0,1053.77001953125,5364060
2021-02-16,1050.0,1053.199951171875,1036.0999755859375,1046.06005859375,3586040
2021-02-17,1042.0,1049.8800048828125,1011.219970703125,1018.5650024414062,5822590
2021-02-18,1031.0,1031.0,1013.5,1019.89501953125,4347410
2021-02-19,1015.0,1042.7650146484375,1014.0,1025.0450439453125,6233430
2021-02-22,1023.0,1024.9200439453125,996.0150146484375,1000.0599975585938,4269080
2021-02-23,1005.0999755859375,1019.5,992.9149780273438,1000.864990234375,3426100
2021-02-24,1003.0,1025.0,1001.5050048828125,1019.9600219726562,2699760
2021-02-25,1034.0,1037.7950439453125,1013.1599731445312,1026.4449462890625,3548020
2021-02-26,995.0,1011.469970703125,960.0,964.8599853515625,8465050
2021-03-01,979.9000244140625,984.8599853515625,961.3699951171875,977.405029296875,3224370
2021-03-02,985.0,996.5,977.9099731445312,987.7000122070312,2970010
2021-03-03,992.6400146484375,1044.4949951171875,989.0399780273438,1039.56005859375,5041220
2021-03-04,1015.0,1028.0,1007.7750244140625,1012.9949951171875,4121170
2021-03-05,1008.0,1016.0999755859375,990.0050048828125,995.8099975585938,3551260
2021-03-08,997.0,1004.5650024414062,980.530029296875,983.9099731445312,2640070
2021-03-09,1000.0,1011.9949951171875,986.02001953125,996.9149780273438,3062110
2021-03-10,1002.5,1009.469970703125,993.0599975585938,999.14501953125,2446320
2021-03-12,1008.1500244140625,1021.6099853515625,984.0,993.4099731445312,4543480
2021-03-15,996.9000244140625,996.9000244140625,954.4000244140625,968.905029296875,5459130
2021-03-16,972.5,978.5650024414062,958.5,961.3300170898438,3705870
2021-03-17,963.0,966.1849975585938,948.0050048828125,952.510009765625,2934490
2021-03-18,960.0,973.5,937.2000122070312,943.0150146484375,4011350
2021-03-19,935.0,948.9849853515625,921.1599731445312,944.0650024414062,4881260
2021-03-22,945.0,949.4949951171875,931.2050170898438,940.5850219726562,2930290
2021-03-23,942.4000244140625,950.6599731445312,938.22998046875,940.52001953125,2964830
2021-03-24,937.0,937.864990234375,917.9249877929688,920.2050170898438,3354390
2021-03-25,922.5,925.0,896.0050048828125,905.7550048828125,3820080
2021-03-26,914.0,950.7000122070312,914.0,946.7449951171875,6786360
2021-03-30,954.7000122070312,964.5,944.0050048828125,950.2349853515625,3565110
2021-03-31,951.2349853515625,971.5599975585938,945.0,966.8599853515625,4241400
2021-04-01,973.0,982.5999755859375,966.75,978.9500122070312,3100650
2021-04-05,976.0,976.3900146484375,915.0,948.1649780273438,6121660
2021-04-06,955.0999755859375,962.5,947.5050048828125,951.9500122070312,3441250
2021-04-07,951.9500122070312,965.8400268554688,946.635009765625,953.9600219726562,3000030
2021-04-08,959.0,973.5150146484375,957.5050048828125,965.47998046875,3536340
2021-04-09,961.0999755859375,971.5,956.0999755859375,962.905029296875,3286990
2021-04-12,941.9949951171875,945.97998046875,903.5850219726562,916.3150024414062,5668360
2021-04-13,920.0,984.75,919.0050048828125,980.6699829101562,8309150
2021-04-15,975.1699829101562,983.4000244140625,959.7000122070312,973.969970703125,5875040
2021-04-16,976.5,988.0,976.5,982.4749755859375,4001320
2021-04-19,950.5499877929688,965.4000244140625,939.260009765625,946.989990234375,6974350
2021-04-20,960.0,994.5499877929688,960.0,981.9400024414062,7987320
2021-04-22,970.0,991.1900024414062,961.0,985.385009765625,5822100
2021-04-23,974.0,1014.239990234375,974.0,991.6649780273438,6280250
2021-04-26,999.2000122070312,1012.5,990.219970703125,1000.1749877929688,4195960
2021-04-27,1000.0,1013.2999877929688,996.469970703125,1009.135009765625,3428470
2021-04-28,1020.0,1061.594970703125,1015.114990234375,1048.9300537109375,11138810
2021-04-29,1054.0,1130.0,1052.0,1117.655029296875,16964980
2021-04-30,1100.0,1122.5,1086.8699951171875,1104.1650390625,8353550
2021-05-03,1090.0999755859375,1111.0849609375,1081.4150390625,1104.1700439453125,3969310
2021-05-04,1120.0,1121.885009765625,1087.199951171875,1098.64501953125,5221010
2021-05-05,1111.0999755859375,1119.4649658203125,1091.52001953125,1111.4449462890625,3077500
2021-05-06,1110.0,1119.4100341796875,1099.0,1102.7950439453125,2288400
2021-05-07,1105.0,1139.2900390625,1100.989990234375,1131.844970703125,3434430
2021-05-10,1139.0,1154.9000244140625,1128.0,1133.199951171875,4320370
2021-05-11,1119.4000244140625,1131.06494140625,1113.9150390625,1119.3050537109375,1986640
2021-05-12,1119.0,1132.5,1105.239990234375,1108.7950439453125,2269530
2021-05-14,1111.0999755859375,1116.375,1086.800048828125,1097.1500244140625,3136030
2021-05-17,1097.0,1137.5,1094.2650146484375,1124.93505859375,3180210
2021-05-18,1134.56494140625,1158.9000244140625,1129.010009765625,1139.6800537109375,4039590
2021-05-19,1139.0,1143.4000244140625,1117.0050048828125,1121.5150146484375,2275670
2021-05-20,1126.0,1129.9949951171875,1113.0699462890625,1122.7900390625,1778970
2021-05-21,1129.6700439453125,1141.5,1121.300048828125,1126.5150146484375,2775210
2021-05-24,1126.5450439453125,1136.5,1109.5,1116.6800537109375,2142290
2021-05-25,1124.5,1140.5,1120.1300048828125,1137.5849609375,3941510
2021-05-26,1140.0,1198.0,1138.5150146484375,1190.6400146484375,10152650
2021-05-27,1191.0,1196.81494140625,1173.2049560546875,1188.8800048828125,4079730
2021-05-28,1192.5,1202.4949951171875,1168.0,1171.3199462890625,2633150
2021-05-31,1171.3199462890625,1185.5050048828125,1161.800048828125,1180.6300048828125,2411520
2021-06-01,1183.0,1194.760009765625,1162.7049560546875,1182.989990234375,3024210
2021-06-02,1170.9000244140625,1186.0,1170.155029296875,1182.3599853515625,1834210
2021-06-03,1189.9000244140625,1192.3900146484375,1178.0550537109375,1181.9849853515625,1838160
2021-06-04,1185.5,1219.0,1178.5,1215.56494140625,4107690
2021-06-07,1188.0,1200.8800048828125,1168.4649658203125,1182.85498046875,5147270
2021-06-08,1190.0,1190.0,1167.0,1173.31005859375,2896090
2021-06-09,1174.0,1183.800048828125,1143.050048828125,1155.885009765625,3082860
2021-06-10,1155.0999755859375,1220.800048828125,1150.0350341796875,1199.31005859375,6299980
2021-06-11,1200.0,1208.0,1185.2900390625,1190.75,3529940
2021-06-14,1185.0999755859375,1201.5,1167.1650390625,1192.614990234375,2887850
2021-06-15,1194.9000244140625,1208.489990234375,1176.5,1179.8699951171875,3148410
2021-06-16,1181.0,1198.5,1177.5,1185.614990234375,2475390
2021-06-17,1175.0,1193.719970703125,1173.9949951171875,1181.85498046875,2201700
2021-06-18,1186.0,1210.0,1172.0849609375,1199.93505859375,4895670
2021-06-21,1180.0,1219.9749755859375,1177.68505859375,1215.6400146484375,2948530
2021-06-22,1219.9000244140625,1226.5999755859375,1208.0999755859375,1213.1650390625,2749230
2021-06-23,1222.5,1240.0,1208.0,1228.2249755859375,3785550
2021-06-24,1228.2249755859375,1239.5999755859375,1216.5,1233.324951171875,2785730
2021-06-25,1235.5,1252.0,1232.050048828125,1248.6600341796875,2187170
2021-06-28,1250.0,1251.9599609375,1232.0,1237.7900390625,1655170
2021-06-29,1238.9000244140625,1249.0,1227.10498046875,1229.989990234375,1571780
2021-06-30,1234.5999755859375,1236.9549560546875,1206.5,1210.905029296875,2315460
2021-07-01,1219.800048828125,1219.800048828125,1180.0999755859375,1181.64501953125,3215210
2021-07-02,1196.9000244140625,1196.9000244140625,1165.0999755859375,1175.0450439453125,3554370
2021-07-05,1179.9000244140625,1194.199951171875,1179.9000244140625,1192.31005859375,1558690
2021-07-06,1189.0,1228.2349853515625,1187.1300048828125,1209.0799560546875,3205220
2021-07-07,1200.0,1239.9000244140625,1200.0,1237.4150390625,4048000
2021-07-08,1232.0,1245.0,1224.0,1233.3900146484375,2066300
2021-07-09,1235.0999755859375,1291.199951171875,1234.5,1285.4749755859375,7919220
2021-07-12,1288.89501953125,1294.5400390625,1273.89501953125,1290.8900146484375,4091580
2021-07-13,1290.239990234375,1299.8800048828125,1280.5,1290.93994140625,2741810
2021-07-14,1286.25,1303.300048828125,1285.1500244140625,1299.1199951171875,2401510
2021-07-15,1297.5999755859375,1311.0,1292.199951171875,1295.89501953125,1779910
2021-07-16,1295.89501953125,1302.5,1272.574951171875,1274.5699462890625,2527820
2021-07-19,1268.0,1282.0,1264.3199462890625,1272.1099853515625,1881970
2021-07-20,1272.5,1277.0999755859375,1253.655029296875,1259.7149658203125,1451370
2021-07-22,1231.010009765625,1310.0,1230.0050048828125,1306.4599609375,5248770
2021-07-23,1304.4000244140625,1324.39501953125,1294.5050048828125,1320.1199951171875,2898700
2021-07-26,1319.9000244140625,1357.5450439453125,1315.489990234375,1352.5050048828125,4211700
2021-07-27,1353.114990234375,1384.4949951171875,1350.31494140625,1380.7850341796875,4134150
2021-07-28,1384.7850341796875,1400.0999755859375,1375.5,1397.0550537109375,3194930
2021-07-29,1396.0,1492.5,1394.010009765625,1459.905029296875,7105140
2021-07-30,1460.5,1461.385009765625,1416.0999755859375,1422.219970703125,3545430
2021-08-02,1437.5,1439.9949951171875,1408.2550048828125,1412.5150146484375,2647090
2021-08-03,1425.0,1431.8349609375,1416.0,1429.5,2024300
2021-08-04,1428.9949951171875,1448.5,1415.6099853515625,1418.719970703125,2831940
2021-08-05,1420.780029296875,1424.8900146484375,1396.1600341796875,1399.489990234375,2915270
2021-08-06,1407.0,1410.8699951171875,1397.5,1400.56494140625,1374730
2021-08-09,1400.760009765625,1446.0,1400.760009765625,1424.2900390625,3188650
2021-08-10,1427.0,1433.375,1400.4000244140625,1403.6500244140625,2063630
2021-08-11,1409.9000244140625,1423.344970703125,1385.2750244140625,1420.6199951171875,2118500
2021-08-12,1421.0,1438.0,1413.0,1434.0699462890625,1609340
2021-08-13,1434.0,1443.0899658203125,1426.5,1431.75,1538430
2021-08-16,1431.6400146484375,1460.699951171875,1430.9000244140625,1454.9300537109375,2432620
2021-08-17,1452.5,1480.0,1436.0050048828125,1473.7249755859375,2420690
2021-08-18,1473.7249755859375,1523.800048828125,1473.6700439453125,1500.635009765625,3917340
2021-08-20,1485.635009765625,1514.9000244140625,1480.0050048828125,1497.85498046875,2750520
2021-08-23,1514.800048828125,1542.0,1506.5,1527.18994140625,3266880
2021-08-24,1536.7550048828125,1658.47998046875,1526.0,1646.1700439453125,12743930
2021-08-25,1654.5,1679.9000244140625,1585.0,1590.43994140625,9745980
2021-08-26,1600.050048828125,1612.4200439453125,1567.8299560546875,1595.8800048828125,6068820
2021-08-27,1608.0,1625.1949462890625,1578.0050048828125,1619.56005859375,4414750
2021-08-30,1647.5,1659.5,1626.0,1656.0400390625,3360380
2021-08-31,1650.0,1720.0,1642.824951171875,1714.875,6521270
2021-09-01,1716.64501953125,1726.3499755859375,1674.0150146484375,1678.6300048828125,4618430
2021-09-02,1686.5,1690.0,1661.0,1670.324951171875,2768790
2021-09-03,1677.6800537109375,1685.9849853515625,1656.0,1673.43505859375,2485550
2021-09-06,1683.5,1696.89501953125,1667.5,1674.699951171875,1769580
2021-09-07,1674.9000244140625,1694.469970703125,1663.094970703125,1678.1199951171875,1881930
2021-09-08,1676.0,1688.89501953125,1652.9000244140625,1656.074951171875,1909320
2021-09-09,1659.4000244140625,1682.6949462890625,1648.405029296875,1675.050048828125,1808160
2021-09-13,1674.0,1699.4000244140625,1658.0,1693.8199462890625,2166140
2021-09-14,1700.0,1704.0,1679.5799560546875,1683.125,1592270
2021-09-15,1685.125,1698.199951171875,1680.199951171875,1682.8900146484375,1231990
2021-09-16,1689.0,1695.0400390625,1662.5,1673.300048828125,1542090
2021-09-17,1684.0,1749.9000244140625,1675.0050048828125,1684.02001953125,6549510
2021-09-20,1677.5050048828125,1733.4000244140625,1670.010009765625,1701.89501953125,3252040
2021-09-21,1710.0,1765.5,1681.405029296875,1758.7249755859375,3846940
2021-09-22,1758.905029296875,1778.0,1750.5,1761.4749755859375,2569820
2021-09-23,1778.75,1875.0,1768.2049560546875,1850.385009765625,7125510
2021-09-24,1859.9949951171875,1881.300048828125,1831.739990234375,1852.5999755859375,3731750
2021-09-27,1857.0,1874.760009765625,1793.0050048828125,1803.1099853515625,4071680
2021-09-28,1818.5,1818.5999755859375,1743.010009765625,1755.0350341796875,3220580
2021-09-29,1749.8800048828125,1764.7900390625,1730.780029296875,1743.375,3097120
2021-09-30,1750.0,1785.9949951171875,1741.219970703125,1778.675048828125,3430000
2021-10-01,1773.60498046875,1773.60498046875,1705.0,1717.780029296875,4326770
2021-10-04,1735.9949951171875,1793.5999755859375,1730.0999755859375,1780.6199951171875,4013250
2021-10-05,1775.4000244140625,1795.0,1752.5,1784.75,2681630
2021-10-06,1797.4000244140625,1814.5550537109375,1755.7950439453125,1761.6600341796875,3004210
2021-10-07,1780.0,1788.0,1742.5,1747.0250244140625,2241000
2021-10-08,1762.0,1774.050048828125,1746.0,1754.9449462890625,1522380
2021-10-11,1766.56494140625,1804.5,1760.699951171875,1771.39501953125,2340900
2021-10-12,1771.39501953125,1847.5,1763.0999755859375,1822.2650146484375,4545920
2021-10-13,1835.5,1857.489990234375,1814.8599853515625,1818.824951171875,3183880
2021-10-14,1835.0,1854.0,1821.510009765625,1848.8900146484375,1968050
2021-10-18,1885.0,1910.0,1855.280029296875,1867.7950439453125,2939480
2021-10-19,1900.0,1932.5,1860.050048828125,1907.655029296875,3878460
2021-10-20,1906.300048828125,1906.300048828125,1840.425048828125,1860.3199462890625,2247980
2021-10-21,1878.800048828125,1878.9300537109375,1834.6700439453125,1857.9599609375,1925330
2021-10-22,1860.0,1925.0550537109375,1855.0,1865.81494140625,5053300
2021-10-25,1870.0,1894.699951171875,1800.0,1808.7149658203125,3018040
2021-10-26,1820.0,1845.0,1797.5050048828125,1835.3349609375,2967490
2021-10-27,1859.9000244140625,1859.9000244140625,1777.0,1801.199951171875,3253010
2021-10-28,1801.199951171875,1837.2049560546875,1780.199951171875,1798.77001953125,3425500
2021-10-29,1798.77001953125,1817.4000244140625,1713.9549560546875,1782.114990234375,3205360
2021-11-01,1790.0,1798.0,1717.0999755859375,1756.5699462890625,3849290
2021-11-02,1765.0,1789.489990234375,1739.2550048828125,1754.260009765625,2719290
2021-11-03,1757.969970703125,1775.4749755859375,1744.9100341796875,1750.9449462890625,1838020
2021-11-04,1765.0,1775.0,1750.0,1759.4000244140625,315060
2021-11-08,1765.0899658203125,1839.2950439453125,1751.5,1831.9749755859375,3161990
2021-11-09,1832.0,1847.5,1808.0,1817.25,1980870
2021-11-10,1814.25,1837.5,1800.25,1832.614990234375,1784330
2021-11-11,1825.0,1835.0,1781.0,1787.135009765625,2155580
2021-11-12,1813.5,1834.9000244140625,1792.5050048828125,1827.3800048828125,2078020
2021-11-15,1827.5,1834.5,1800.0,1813.050048828125,1704610
2021-11-16,1823.0,1851.0999755859375,1811.875,1820.9749755859375,2189550
2021-11-17,1818.5,1842.0,1811.18994140625,1825.5400390625,1461000
2021-11-18,1825.5999755859375,1847.199951171875,1781.1199951171875,1792.125,2745560
2021-11-22,1814.0,1814.0,1683.0050048828125,1707.375,3707000
2021-11-23,1688.0,1743.7850341796875,1675.7249755859375,1736.81005859375,2513150
2021-11-24,1743.199951171875,1764.699951171875,1714.0400390625,1740.8699951171875,2740240
2021-11-25,1734.9000244140625,1752.199951171875,1722.5250244140625,1736.885009765625,1616200
2021-11-26,1720.0,1723.719970703125,1661.0,1668.2550048828125,3424860
2021-11-29,1667.0,1709.800048828125,1627.364990234375,1689.0400390625,3042180
2021-11-30,1688.0,1750.0,1688.0,1723.7349853515625,4586420
2021-12-01,1744.4000244140625,1754.6700439453125,1720.0999755859375,1738.2950439453125,2383490
2021-12-02,1740.0,1789.0,1727.344970703125,1775.81494140625,2138810
2021-12-03,1775.0,1788.9749755859375,1745.0,1748.8699951171875,2034590
2021-12-06,1748.699951171875,1759.89501953125,1685.0999755859375,1689.344970703125,2036900
2021-12-07,1714.0,1725.0,1693.1700439453125,1710.9000244140625,2300780
2021-12-08,1716.5999755859375,1767.425048828125,1716.5999755859375,1762.1650390625,2842990
2021-12-09,1762.5350341796875,1777.18994140625,1748.699951171875,1759.6600341796875,2103820
2021-12-10,1758.0,1776.35498046875,1730.06494140625,1771.1099853515625,2333140
2021-12-13,1775.0,1783.594970703125,1725.0,1732.4000244140625,2199130
2021-12-14,1720.0,1726.0,1686.5,1712.3499755859375,2420260
2021-12-15,1716.9000244140625,1721.4949951171875,1662.0,1666.0699462890625,2532210
2021-12-16,1687.0,1695.0,1657.5,1670.3349609375,3253500
2021-12-17,1665.0,1685.0,1613.300048828125,1620.4200439453125,3054350
2021-12-20,1594.0,1594.0,1545.0,1582.6199951171875,3371600
2021-12-21,1615.0,1615.0,1567.699951171875,1583.1949462890625,3368050
2021-12-22,1593.0999755859375,1618.4949951171875,1583.0,1594.5899658203125,2612920
2021-12-23,1610.0,1621.9549560546875,1602.6500244140625,1616.989990234375,1811180
2021-12-24,1625.0,1625.0,1580.0,1592.0550537109375,2087360
2021-12-27,1561.0350341796875,1613.9949951171875,1556.10498046875,1601.31005859375,2351140
2021-12-28,1617.2349853515625,1624.9000244140625,1602.1650390625,1610.0849609375,1457220
2021-12-29,1610.030029296875,1633.0,1596.5999755859375,1624.905029296875,1724280
2021-12-30,1620.0,1628.1800537109375,1597.449951171875,1616.7550048828125,2831460
2021-12-31,1619.7550048828125,1650.0,1617.0,1640.6199951171875,2300860
2022-01-03,1640.6500244140625,1704.0,1640.6500244140625,1698.1300048828125,2710610
2022-01-04,1709.9000244140625,1719.0,1685.2099609375,1713.5450439453125,2300430
2022-01-05,1710.0,1805.0,1710.0,1798.8399658203125,6082100
2022-01-06,1770.0999755859375,1808.0,1770.0999755859375,1798.6500244140625,3511360
2022-01-07,1807.5,1814.2950439453125,1758.0,1775.68994140625,3229140
2022-01-10,1780.0,1800.0,1773.06494140625,1779.8800048828125,1697970
2022-01-11,1770.0,1793.5050048828125,1762.1099853515625,1779.949951171875,1648180
2022-01-12,1790.0,1819.0,1775.0,1793.530029296875,2233940
2022-01-13,1799.77001953125,1827.489990234375,1790.0,1822.5,2480130
2022-01-14,1804.4000244140625,1833.344970703125,1800.0,1820.969970703125,1553280
2022-01-17,1829.0,1843.5,1822.0999755859375,1837.06005859375,1352730
2022-01-18,1837.68505859375,1855.875,1810.0050048828125,1815.35498046875,2056670
2022-01-19,1824.0,1862.0999755859375,1787.5350341796875,1807.72998046875,3481740
2022-01-20,1807.5,1826.199951171875,1708.0,1725.89501953125,5444730
2022-01-21,1700.0,1709.5,1622.0,1633.52001953125,5582910
2022-01-24,1638.8499755859375,1643.39501953125,1544.4000244140625,1570.7149658203125,4736430
2022-01-25,1555.050048828125,1568.2449951171875,1525.030029296875,1552.89501953125,4090640
2022-01-27,1538.5999755859375,1557.0400390625,1501.199951171875,1535.9849853515625,3497270
2022-01-28,1560.0999755859375,1578.7650146484375,1515.0,1519.875,3509310
2022-01-31,1559.0,1574.0999755859375,1532.969970703125,1568.9549560546875,3129920
2022-02-01,1582.89501953125,1601.4949951171875,1550.0,1590.385009765625,3571870
2022-02-02,1603.010009765625,1675.0,1592.5,1670.5999755859375,5257450
2022-02-03,1670.5999755859375,1671.699951171875,1626.3699951171875,1634.81005859375,2891370
2022-02-04,1634.800048828125,1646.93505859375,1614.5,1620.574951171875,2945050
2022-02-07,1616.0,1636.405029296875,1565.0,1571.135009765625,3566640
2022-02-08,1581.0,1611.97998046875,1572.0,1598.9150390625,4103730
2022-02-09,1618.0,1641.489990234375,1612.0,1625.780029296875,2510230
2022-02-10,1634.489990234375,1655.0,1603.300048828125,1639.3599853515625,2997700
2022-02-11,1600.0,1620.0,1591.0,1611.31005859375,2446960
2022-02-14,1580.5,1588.7950439453125,1545.0999755859375,1567.4150390625,2961150
2022-02-15,1589.0,1642.75,1564.9000244140625,1637.5250244140625,3592130
2022-02-16,1642.800048828125,1658.989990234375,1619.010009765625,1627.2449951171875,2738740
2022-02-17,1636.5999755859375,1641.8299560546875,1608.0999755859375,1618.1199951171875,2144330
2022-02-18,1606.0999755859375,1628.9000244140625,1602.5849609375,1609.655029296875,1743270
2022-02-21,1603.800048828125,1623.81494140625,1578.0,1601.2249755859375,2275920
2022-02-22,1530.0,1627.0,1527.5,1618.9449462890625,3223740
2022-02-23,1639.0,1639.0,1603.5050048828125,1613.3599853515625,2418300
2022-02-24,1560.0,1589.5899658203125,1520.0,1524.52001953125,3615630
2022-02-25,1578.800048828125,1606.5,1557.0,1577.2149658203125,3203370
2022-02-28,1570.0,1608.4849853515625,1536.5,1601.2550048828125,3732570
2022-03-02,1570.5,1615.7149658203125,1563.199951171875,1605.300048828125,2817150
2022-03-03,1630.0,1634.7950439453125,1564.6800537109375,1570.4100341796875,3400140
2022-03-04,1559.0,1567.22998046875,1521.199951171875,1533.3199462890625,3380590
2022-03-07,1499.4000244140625,1499.4000244140625,1379.989990234375,1437.3199462890625,3715210
2022-03-08,1440.0,1452.5,1395.10498046875,1445.0699462890625,4625690
2022-03-09,1450.1099853515625,1519.9549560546875,1440.0,1501.52001953125,3913410
2022-03-10,1564.9000244140625,1585.0,1530.5050048828125,1546.7449951171875,4764050
2022-03-11,1540.0,1575.0,1528.0,1556.9000244140625,3296320
2022-03-14,1547.56005859375,1573.5,1541.1500244140625,1567.8499755859375,2852010
2022-03-15,1574.9000244140625,1595.0,1553.405029296875,1570.8900146484375,2965110
2022-03-16,1590.06005859375,1624.0,1585.10498046875,1612.4849853515625,2983170
2022-03-17,1639.9000244140625,1658.9000244140625,1625.5,1637.0799560546875,4020680
2022-03-21,1639.9949951171875,1644.39501953125,1615.0,1618.0799560546875,2016350
2022-03-22,1625.0,1659.0,1595.0999755859375,1649.4599609375,2652790
2022-03-23,1660.0,1672.875,1634.4200439453125,1640.7349853515625,2290790
2022-03-24,1635.0,1651.199951171875,1627.0,1637.8699951171875,1839240
2022-03-25,1650.0,1650.0,1624.0150146484375,1633.3299560546875,1477480
2022-03-28,1640.0,1656.0,1610.10498046875,1651.89501953125,1751870
2022-03-29,1653.5999755859375,1662.0,1642.31494140625,1650.1700439453125,1981380
2022-03-30,1660.0,1724.9849853515625,1653.0999755859375,1712.8900146484375,4547640
2022-03-31,1710.0,1730.0,1698.199951171875,1706.0450439453125,2986920
2022-04-01,1703.0,1720.0,1701.1199951171875,1713.9200439453125,2101410
2022-04-04,1719.9000244140625,1748.0,1695.5250244140625,1719.635009765625,3243940
2022-04-05,1722.0,1730.0,1675.85498046875,1681.885009765625,3855370
2022-04-06,1681.885009765625,1689.9100341796875,1665.0999755859375,1672.0,2465520
2022-04-07,1665.0,1670.0,1648.0,1655.3900146484375,2167900
2022-04-08,1670.0,1684.0,1651.72998046875,1674.9000244140625,2133830
2022-04-11,1667.5,1684.5450439453125,1655.0050048828125,1657.7850341796875,1696860
2022-04-12,1650.199951171875,1650.199951171875,1622.2099609375,1631.8050537109375,2476470
2022-04-13,1640.4000244140625,1650.0,1605.0,1609.0050048828125,2483900
2022-04-18,1604.0,1604.0,1565.43505859375,1582.7249755859375,2818890
2022-04-19,1599.9000244140625,1608.0,1559.1500244140625,1572.0550537109375,2596960
2022-04-20,1572.0999755859375,1579.9949951171875,1532.3299560546875,1550.9300537109375,2517070
2022-04-21,1560.0999755859375,1602.0999755859375,1559.2650146484375,1583.574951171875,2364890
2022-04-22,1570.0050048828125,1574.8499755859375,1543.0,1545.4200439453125,2148760
2022-04-25,1535.0,1540.0,1520.0,1526.5150146484375,1642190
2022-04-26,1555.0,1563.324951171875,1530.0050048828125,1543.43505859375,2206380
2022-04-27,1534.1099853515625,1534.1099853515625,1475.135009765625,1482.6400146484375,3411920
2022-04-28,1500.0,1525.0,1466.06494140625,1501.18505859375,3475000
2022-04-29,1528.0,1528.0,1485.0,1491.114990234375,2211070
2022-05-02,1461.2850341796875,1502.2750244140625,1460.0050048828125,1495.7449951171875,1907980
2022-05-04,1495.7349853515625,1505.875,1427.0,1432.2449951171875,3164040
2022-05-05,1449.9000244140625,1471.0999755859375,1405.0,1413.925048828125,2969280
2022-05-06,1380.0,1389.530029296875,1351.0,1364.050048828125,3516160
2022-05-09,1354.0,1401.1650390625,1336.2850341796875,1378.385009765625,4034090
2022-05-10,1382.0,1397.9200439453125,1356.199951171875,1363.010009765625,2563120
2022-05-11,1372.5,1383.06494140625,1315.2049560546875,1332.97998046875,2918480
2022-05-12,1326.9000244140625,1326.9000244140625,1275.0,1285.0699462890625,3256960
2022-05-13,1312.9000244140625,1323.4749755859375,1257.5,1260.8299560546875,3487640
2022-05-16,1270.0,1277.8699951171875,1245.0,1265.5250244140625,4340040
2022-05-17,1270.47998046875,1302.0699462890625,1263.0,1297.2099609375,4286060
2022-05-18,1308.0,1314.9649658203125,1261.0050048828125,1276.2149658203125,3740540
2022-05-19,1248.18994140625,1255.1949462890625,1217.3800048828125,1241.385009765625,2864010
2022-05-20,1263.9000244140625,1269.9000244140625,1243.1650390625,1256.1700439453125,3233300
2022-05-23,1265.0,1279.4000244140625,1250.0,1257.2900390625,2788860
2022-05-24,1259.0,1262.1800537109375,1228.7750244140625,1235.72998046875,2554750
2022-05-25,1244.5,1258.81005859375,1233.300048828125,1240.60498046875,2175990
2022-05-26,1245.0,1258.5,1206.2249755859375,1247.7750244140625,3792040
2022-05-27,1265.0,1289.0,1260.4549560546875,1275.8399658203125,3295340
2022-05-30,1292.4000244140625,1299.0,1283.699951171875,1292.405029296875,2803920
2022-05-31,1292.405029296875,1311.1949462890625,1277.3599853515625,1293.4000244140625,4199190
2022-06-01,1295.9000244140625,1302.4949951171875,1253.199951171875,1259.6600341796875,2812330
2022-06-02,1254.4000244140625,1303.0,1245.0050048828125,1293.5999755859375,3661460
2022-06-03,1310.0,1322.0,1265.2049560546875,1269.1600341796875,3171800
2022-06-06,1268.9000244140625,1268.9000244140625,1228.2049560546875,1251.6400146484375,3097470
2022-06-07,1244.0,1244.9949951171875,1223.2349853515625,1233.8699951171875,1765480
2022-06-08,1241.0999755859375,1264.5,1225.0,1246.5,2368430
2022-06-09,1232.550048828125,1251.7950439453125,1225.5,1247.0999755859375,1742390
2022-06-10,1230.0,1238.094970703125,1217.56494140625,1225.3499755859375,2906700
2022-06-13,1200.0,1200.0,1135.0,1138.60498046875,4877320
2022-06-14,1138.5,1157.7650146484375,1126.5050048828125,1133.6500244140625,3669480
2022-06-15,1140.0,1187.0,1140.0,1180.969970703125,4962890
2022-06-16,1202.5,1206.97998046875,1141.10498046875,1147.18994140625,3940410
2022-06-17,1136.0050048828125,1186.43994140625,1135.0,1175.4849853515625,4193620
2022-06-20,1185.0,1185.0,1153.2049560546875,1170.9649658203125,2428580
2022-06-21,1184.3800048828125,1192.739990234375,1167.989990234375,1174.989990234375,3079180
2022-06-22,1170.0,1170.0,1135.0,1143.5550537109375,2848330
2022-06-23,1153.75,1158.9000244140625,1131.4849853515625,1155.2850341796875,2535530
2022-06-24,1166.0,1168.594970703125,1143.0,1158.2950439453125,3662910
2022-06-27,1178.0,1178.0,1155.0,1159.5150146484375,2463700
2022-06-28,1154.7550048828125,1155.0,1129.0,1136.4449462890625,3490570
2022-06-29,1120.0,1124.89501953125,1104.050048828125,1110.9749755859375,3902730
2022-06-30,1114.9000244140625,1119.5999755859375,1090.9000244140625,1093.175048828125,3481840
2022-07-01,1092.0,1134.300048828125,1072.719970703125,1132.2550048828125,4089830
2022-07-04,1131.0,1144.300048828125,1121.52001953125,1138.8299560546875,3004250
2022-07-05,1147.9749755859375,1174.800048828125,1140.9749755859375,1152.469970703125,4223480
2022-07-06,1153.5,1207.0,1153.0,1202.8499755859375,4782940
2022-07-07,1216.800048828125,1220.0,1185.0,1196.7349853515625,2729250
2022-07-08,1205.0,1212.72998046875,1188.0,1200.31005859375,1690110
2022-07-11,1189.5,1204.655029296875,1183.9549560546875,1193.81494140625,1613680
2022-07-12,1188.0,1199.0,1174.0999755859375,1186.4749755859375,2272440
2022-07-13,1189.0999755859375,1212.0,1172.0,1177.02001953125,2672490
2022-07-14,1186.31494140625,1195.6800537109375,1163.27001953125,1172.625,2405440
2022-07-15,1179.699951171875,1187.0799560546875,1168.0,1184.0250244140625,1711040
2022-07-18,1194.0,1228.6600341796875,1192.0050048828125,1225.0,2834830
2022-07-19,1220.0,1247.0,1209.3050537109375,1244.47998046875,4230630
2022-07-20,1263.800048828125,1263.800048828125,1237.199951171875,1242.074951171875,2721470
2022-07-21,1240.0,1275.7349853515625,1238.10498046875,1271.64501953125,2713300
2022-07-22,1282.56494140625,1286.5,1265.77001953125,1275.425048828125,3024220
2022-07-25,1270.0,1279.4949951171875,1257.0,1261.9549560546875,1747020
2022-07-26,1300.0,1354.885009765625,1279.0,1331.300048828125,13270240
2022-07-27,1334.9949951171875,1338.89501953125,1300.9549560546875,1330.7049560546875,5339660
2022-07-28,1350.699951171875,1522.324951171875,1350.699951171875,1464.2049560546875,16276260
2022-07-29,1500.0,1520.0999755859375,1481.2149658203125,1504.760009765625,10442350
2022-08-01,1519.9949951171875,1525.0,1493.0999755859375,1507.31005859375,4320160
2022-08-02,1500.0,1529.0,1486.135009765625,1522.4150390625,4248930
2022-08-03,1521.0,1533.800048828125,1511.5350341796875,1524.3900146484375,3096500
2022-08-04,1534.9000244140625,1540.6949462890625,1505.5,1518.530029296875,3113610
2022-08-05,1517.5999755859375,1525.0999755859375,1502.3399658203125,1508.5849609375,2078470
2022-08-08,1506.5,1558.9000244140625,1504.074951171875,1553.06494140625,4870730
2022-08-10,1553.0,1567.4000244140625,1542.5999755859375,1564.3199462890625,4425480
2022-08-11,1593.0,1593.0,1570.1199951171875,1573.6949462890625,2536510
2022-08-12,1577.0,1588.8399658203125,1568.0,1576.5450439453125,2052510
2022-08-16,1581.5,1597.0,1581.0,1591.574951171875,1522190
2022-08-17,1597.699951171875,1714.1500244140625,1593.0,1684.030029296875,9435810
2022-08-18,1688.0,1698.9000244140625,1662.06494140625,1680.5899658203125,3616590
2022-08-19,1688.0,1694.699951171875,1612.5,1628.760009765625,5126830
2022-08-22,1628.800048828125,1629.875,1581.5849609375,1587.1700439453125,3722010
2022-08-23,1579.989990234375,1652.050048828125,1567.1700439453125,1630.3900146484375,7064070
2022-08-24,1629.5,1642.6400146484375,1618.0250244140625,1633.385009765625,2649190
2022-08-25,1641.5550537109375,1659.5,1620.0,1624.6300048828125,3693150
2022-08-26,1642.300048828125,1650.655029296875,1625.635009765625,1628.5999755859375,2071780
2022-08-29,1572.5999755859375,1619.0,1571.0999755859375,1608.6400146484375,3079400
2022-08-30,1639.0,1700.0,1637.0,1696.2149658203125,7661440
2022-09-01,1681.0,1768.6949462890625,1680.449951171875,1740.6400146484375,10171920
2022-09-02,1769.5,1784.5,1725.0,1732.925048828125,6944080
2022-09-05,1742.0,1752.8900146484375,1720.5050048828125,1737.6099853515625,3700530
2022-09-06,1742.5,1748.5999755859375,1693.1300048828125,1696.89501953125,5077980
2022-09-07,1695.0,1714.4000244140625,1681.030029296875,1705.56005859375,3207730
2022-09-08,1728.0,1749.0,1704.199951171875,1738.2850341796875,4301170
2022-09-09,1755.0,1758.5,1715.405029296875,1720.56494140625,3957300
2022-09-12,1738.0,1742.0,1705.219970703125,1713.8050537109375,4250820
2022-09-13,1755.0,1844.0,1750.0,1784.75,10413183
2022-09-14,1769.0,1813.449951171875,1752.0,1805.3499755859375,3784309
2022-09-15,1815.0,1823.949951171875,1770.0,1772.199951171875,3051984
2022-09-16,1772.199951171875,1785.5,1712.0,1734.9000244140625,3277213
2022-09-19,1738.550048828125,1779.300048828125,1737.0,1765.949951171875,2309647
2022-09-20,1785.0,1812.949951171875,1780.0,1799.5999755859375,2832208
2022-09-21,1800.0,1820.0,1778.050048828125,1802.0,2080898
2022-09-22,1786.800048828125,1788.0,1733.0,1772.3499755859375,4480817
2022-09-23,1772.0,1778.199951171875,1714.4000244140625,1721.9000244140625,2759913
2022-09-26,1700.0,1745.0999755859375,1661.5,1676.800048828125,4915173
2022-09-27,1688.5,1715.75,1665.0,1679.550048828125,2624336
2022-09-28,1670.0,1678.9000244140625,1645.25,1652.199951171875,2114266
2022-09-29,1671.949951171875,1685.0,1628.0,1635.9000244140625,2418856
2022-09-30,1625.75,1699.0,1621.0,1678.3499755859375,2788387
2022-10-03,1686.0,1686.0,1638.0,1646.5999755859375,1464138
2022-10-04,1682.0,1705.0,1670.050048828125,1701.1500244140625,1806381
2022-10-06,1718.0,1724.1500244140625,1694.9000244140625,1710.550048828125,1661891
2022-10-07,1708.0,1709.8499755859375,1684.5,1699.0,1150275
2022-10-10,1675.300048828125,1693.949951171875,1657.0,1684.4000244140625,1229639
2022-10-11,1684.4000244140625,1707.050048828125,1665.0,1672.6500244140625,1402150
2022-10-12,1681.050048828125,1701.5999755859375,1667.4000244140625,1694.6500244140625,1538819
2022-10-13,1692.949951171875,1694.550048828125,1666.449951171875,1681.75,1065166
2022-10-14,1709.0,1709.0,1685.0999755859375,1688.300048828125,1239168
2022-10-17,1684.0,1725.0,1674.0,1719.25,1551410
2022-10-18,1730.0,1736.25,1712.0,1726.25,1661431
2022-10-19,1725.0,1731.0,1692.4000244140625,1698.800048828125,1804532
2022-10-20,1687.0,1730.0,1676.5,1725.699951171875,1438398
2022-10-21,1731.5,1740.4000244140625,1675.0999755859375,1684.449951171875,2734130
2022-10-24,1712.8499755859375,1724.199951171875,1693.0,1701.800048828125,499690
2022-10-25,1700.0,1700.9000244140625,1655.0,1658.550048828125,1870289
2022-10-27,1671.6500244140625,1676.550048828125,1621.0,1630.949951171875,2177395
2022-10-28,1639.1500244140625,1660.5,1635.0,1653.4000244140625,2115388
2022-10-31,1665.0,1689.8499755859375,1662.1500244140625,1687.5,2217631
2022-11-01,1692.0,1714.699951171875,1691.0,1709.050048828125,2002317
2022-11-02,1705.0,1722.5,1699.25,1710.4000244140625,2036615
2022-11-03,1697.9000244140625,1732.5,1694.0,1723.5,2205874
2022-11-04,1722.9000244140625,1805.0,1721.050048828125,1800.699951171875,6981242
2022-11-07,1813.199951171875,1817.9000244140625,1765.550048828125,1778.050048828125,2464569
2022-11-09,1797.699951171875,1798.0,1745.550048828125,1752.699951171875,1762741
2022-11-10,1745.0,1756.9000244140625,1694.0,1700.3499755859375,2030748
2022-11-11,1740.0,1748.0,1707.3499755859375,1719.25,1671510
2022-11-14,1724.0,1735.0,1708.1500244140625,1718.3499755859375,1459293
2022-11-15,1723.4000244140625,1729.800048828125,1696.300048828125,1708.5,1401141
2022-11-16,1713.699951171875,1714.5,1675.0,1685.6500244140625,2040699
2022-11-17,1685.5999755859375,1699.949951171875,1660.199951171875,1664.5999755859375,1875515
2022-11-18,1668.0,1674.6500244140625,1641.199951171875,1654.4000244140625,1581747
2022-11-21,1654.4000244140625,1657.699951171875,1625.0,1635.8499755859375,1943750
2022-11-22,1635.050048828125,1659.9000244140625,1632.0,1643.3499755859375,1508906
2022-11-23,1651.5999755859375,1656.0,1630.050048828125,1636.199951171875,1837952
2022-11-24,1639.0,1647.449951171875,1620.0,1634.0,1660403
2022-11-25,1634.0,1646.949951171875,1624.5,1633.699951171875,1140578
2022-11-28,1630.0,1661.9000244140625,1628.8499755859375,1652.8499755859375,2005182
2022-11-29,1649.0,1652.8499755859375,1630.050048828125,1632.0,1346735
2022-11-30,1634.199951171875,1644.6500244140625,1623.300048828125,1626.5,2900845
2022-12-01,1634.800048828125,1642.5,1624.199951171875,1638.800048828125,2111362
2022-12-02,1632.199951171875,1653.0,1625.25,1642.6500244140625,1682841
2022-12-05,1650.0,1655.0,1631.4000244140625,1634.199951171875,1383542
2022-12-06,1630.0,1646.9000244140625,1628.0,1635.25,1177485
2022-12-07,1635.4000244140625,1642.0,1593.0,1606.699951171875,2376490
2022-12-08,1610.0,1621.800048828125,1600.199951171875,1618.5999755859375,1161239
2022-12-09,1622.0,1626.949951171875,1582.0,1598.5999755859375,1766412
2022-12-12,1586.1500244140625,1603.949951171875,1570.0999755859375,1592.0999755859375,1365732
2022-12-13,1600.0999755859375,1616.9000244140625,1591.25,1611.449951171875,1279634
2022-12-14,1619.75,1627.9000244140625,1613.300048828125,1623.050048828125,1137059
2022-12-15,1620.0,1631.699951171875,1600.0,1604.9000244140625,1041690
2022-12-16,1599.0,1610.0,1581.1500244140625,1587.0999755859375,1533418
2022-12-19,1595.050048828125,1627.0,1590.1500244140625,1619.050048828125,1508476
2022-12-20,1614.949951171875,1618.5,1593.050048828125,1615.6500244140625,866377
2022-12-21,1618.5,1629.25,1575.5,1581.800048828125,1397725
2022-12-22,1586.0999755859375,1594.199951171875,1530.0,1544.300048828125,2100618
2022-12-23,1524.300048828125,1543.300048828125,1492.0,1497.050048828125,1673592
2022-12-26,1496.9000244140625,1544.949951171875,1483.1500244140625,1535.0,1329547
2022-12-27,1545.0,1551.4000244140625,1518.0,1537.699951171875,1102198
2022-12-28,1534.699951171875,1534.699951171875,1513.0,1522.699951171875,1411078
2022-12-29,1515.0,1522.0,1503.050048828125,1511.699951171875,3417120
2022-12-30,1528.0,1573.0,1525.8499755859375,1547.8499755859375,2638505
2023-01-02,1550.0,1560.0,1528.550048828125,1552.5,1061404
2023-01-03,1549.0,1570.0,1544.050048828125,1563.0,1306648
2023-01-04,1562.0,1567.3499755859375,1540.4000244140625,1547.8499755859375,1036103
2023-01-05,1548.0,1548.0,1454.699951171875,1468.8499755859375,5979381
2023-01-06,1473.550048828125,1473.550048828125,1423.0,1430.3499755859375,5207616
2023-01-09,1447.0,1450.9000244140625,1408.6500244140625,1414.0,4513767
2023-01-10,1429.0,1429.0,1391.0,1413.300048828125,2903001
2023-01-11,1418.0,1422.8499755859375,1397.050048828125,1399.699951171875,2327598
2023-01-12,1405.0,1414.949951171875,1379.0,1387.800048828125,3168742
2023-01-13,1394.75,1399.8499755859375,1374.3499755859375,1391.1500244140625,3754686
2023-01-16,1398.1500244140625,1418.449951171875,1379.199951171875,1383.9000244140625,3480545
2023-01-17,1389.0,1391.5999755859375,1353.949951171875,1372.9000244140625,3681802
2023-01-18,1379.800048828125,1380.0,1365.0,1367.300048828125,2589016
2023-01-19,1365.0,1365.949951171875,1348.0999755859375,1355.1500244140625,1910318
2023-01-20,1360.0,1361.6500244140625,1326.550048828125,1333.199951171875,2091612
2023-01-23,1330.0,1345.0,1319.550048828125,1332.75,1832743
2023-01-24,1336.25,1349.0,1329.550048828125,1332.699951171875,1311451
2023-01-25,1334.9000244140625,1334.9000244140625,1310.0,1314.3499755859375,1549899
2023-01-27,1315.0999755859375,1336.1500244140625,1302.050048828125,1314.199951171875,1829556
2023-01-30,1320.800048828125,1360.0,1317.8499755859375,1343.8499755859375,4411750
2023-01-31,1354.4000244140625,1357.1500244140625,1323.800048828125,1342.449951171875,2213909
2023-02-01,1348.0,1360.0,1246.8499755859375,1268.300048828125,4761664
2023-02-02,1269.0,1288.6500244140625,1252.0999755859375,1271.9000244140625,2419664
2023-02-03,1305.0,1340.800048828125,1281.300048828125,1337.449951171875,3271913
2023-02-06,1337.449951171875,1349.0,1322.0999755859375,1343.050048828125,1546926
2023-02-07,1345.1500244140625,1362.3499755859375,1337.0999755859375,1350.4000244140625,1604424
2023-02-08,1356.949951171875,1377.0,1345.199951171875,1368.9000244140625,1516979
2023-02-09,1370.0,1409.9000244140625,1356.6500244140625,1400.25,2593600
2023-02-10,1406.0,1418.6500244140625,1394.0,1401.75,2069492
2023-02-13,1404.0,1415.0,1381.75,1388.550048828125,1467695
2023-02-14,1390.0,1405.0,1373.6500244140625,1398.5999755859375,1390992
2023-02-15,1398.0,1423.949951171875,1388.050048828125,1420.800048828125,1518171
2023-02-16,1429.0,1435.0,1413.050048828125,1428.199951171875,2153424
2023-02-17,1420.050048828125,1427.199951171875,1410.0,1414.050048828125,994199
2023-02-20,1418.0,1425.800048828125,1400.800048828125,1404.5999755859375,993735
2023-02-21,1409.4000244140625,1409.4000244140625,1390.0,1394.300048828125,1117177
2023-02-22,1389.9000244140625,1392.0,1356.0,1360.949951171875,1402505
2023-02-23,1362.0,1365.949951171875,1341.0,1346.949951171875,1095460
2023-02-24,1353.699951171875,1386.0,1350.3499755859375,1359.0,1342454
2023-02-27,1357.949951171875,1367.25,1345.0,1357.4000244140625,972575
2023-02-28,1364.199951171875,1371.9000244140625,1330.0,1334.9000244140625,1597380
2023-03-01,1335.699951171875,1360.0,1334.9000244140625,1343.9000244140625,1134472
2023-03-02,1375.0,1385.949951171875,1337.199951171875,1343.550048828125,3267851
2023-03-03,1357.0,1364.449951171875,1346.0999755859375,1355.3499755859375,1199487
2023-03-06,1357.25,1399.449951171875,1357.25,1380.800048828125,2466703
2023-03-08,1375.0,1383.800048828125,1357.9000244140625,1380.800048828125,1557533
2023-03-09,1378.0,1378.949951171875,1350.0,1352.550048828125,1545024
2023-03-10,1340.0,1342.0,1321.050048828125,1328.8499755859375,1389890
2023-03-13,1326.0,1341.199951171875,1291.9000244140625,1295.699951171875,1668502
2023-03-14,1300.0,1302.300048828125,1269.0,1280.550048828125,2060607
2023-03-15,1290.0,1309.699951171875,1278.0,1282.5999755859375,1376141
2023-03-16,1285.5,1304.0,1270.550048828125,1293.5999755859375,1539281
2023-03-17,1304.949951171875,1316.300048828125,1293.0,1301.75,1332869
2023-03-20,1305.0,1307.949951171875,1231.0,1245.4000244140625,3970911
2023-03-21,1259.0,1271.5,1248.5999755859375,1268.0999755859375,2333183
2023-03-22,1271.0,1314.949951171875,1270.550048828125,1294.550048828125,2884348
2023-03-23,1291.949951171875,1310.5,1278.300048828125,1290.0,1947186
2023-03-24,1281.300048828125,1290.0,1236.199951171875,1240.6500244140625,2676573
2023-03-27,1245.0,1251.5999755859375,1226.6500244140625,1239.0999755859375,1553877
2023-03-28,1245.300048828125,1247.8499755859375,1215.0,1223.1500244140625,1510246
2023-03-29,1229.300048828125,1252.0,1225.449951171875,1246.050048828125,1657420
2023-03-31,1252.300048828125,1270.0,1250.0,1266.5,1830686
2023-04-03,1273.0,1286.550048828125,1265.5,1282.949951171875,1381342
2023-04-05,1296.0,1324.0,1275.5,1279.300048828125,3366621
2023-04-06,1279.300048828125,1311.449951171875,1271.3499755859375,1303.949951171875,1819711
2023-04-10,1311.0,1317.25,1295.6500244140625,1305.050048828125,1297282
2023-04-11,1312.949951171875,1325.0,1307.199951171875,1323.199951171875,1281834
2023-04-12,1321.0,1329.0,1315.550048828125,1321.550048828125,1105734
2023-04-13,1320.9000244140625,1346.0,1318.0,1341.300048828125,1330391
2023-04-17,1345.0,1352.949951171875,1330.550048828125,1341.1500244140625,1073923
2023-04-18,1340.0,1348.699951171875,1329.0,1335.199951171875,1236391
2023-04-19,1335.0,1338.949951171875,1322.050048828125,1331.3499755859375,590360
2023-04-20,1333.949951171875,1341.3499755859375,1325.050048828125,1332.0999755859375,467602
2023-04-21,1336.5,1338.0,1306.550048828125,1317.9000244140625,825513
2023-04-24,1315.0999755859375,1322.9000244140625,1307.8499755859375,1319.75,1051329
2023-04-25,1325.0,1352.0,1322.0999755859375,1345.800048828125,2725305
2023-04-26,1345.800048828125,1349.5,1328.6500244140625,1334.699951171875,889092
2023-04-27,1352.5,1374.0,1340.1500244140625,1360.0,3982526
2023-04-28,1368.949951171875,1368.949951171875,1318.800048828125,1354.6500244140625,3376186
2023-05-02,1360.0,1370.9000244140625,1345.9000244140625,1349.050048828125,1387425
2023-05-03,1345.0,1350.949951171875,1330.0,1347.0,903123
2023-05-04,1342.300048828125,1378.300048828125,1340.0,1374.449951171875,2213569
2023-05-05,1371.5,1394.0,1355.4000244140625,1359.25,2572062
2023-05-08,1367.800048828125,1410.800048828125,1363.0999755859375,1404.800048828125,2912772
2023-05-09,1410.949951171875,1446.699951171875,1402.5,1408.699951171875,3772745
2023-05-10,1419.0,1420.8499755859375,1395.0,1414.449951171875,1297980
2023-05-11,1421.0,1427.75,1413.050048828125,1420.4000244140625,915163
2023-05-12,1420.0,1428.0,1407.0,1423.449951171875,1300969
2023-05-15,1424.0,1430.0,1416.0,1421.3499755859375,1003664
2023-05-16,1429.9000244140625,1438.0,1421.0,1428.3499755859375,1678746
2023-05-17,1430.4000244140625,1430.4000244140625,1405.0,1415.4000244140625,804968
2023-05-18,1422.3499755859375,1430.0,1412.050048828125,1415.449951171875,739262
2023-05-19,1422.0999755859375,1422.699951171875,1397.050048828125,1415.0999755859375,754504
2023-05-22,1411.0,1418.699951171875,1405.0,1413.0,591903
2023-05-23,1415.5999755859375,1447.800048828125,1415.5,1437.25,1991556
2023-05-24,1437.25,1447.0,1421.1500244140625,1426.449951171875,1047736
2023-05-25,1421.0999755859375,1429.6500244140625,1416.0,1427.3499755859375,688673
2023-05-26,1431.0,1446.300048828125,1431.0,1439.1500244140625,1023550
2023-05-29,1448.949951171875,1468.5,1444.5,1449.550048828125,1659680
2023-05-30,1453.449951171875,1467.199951171875,1439.5,1465.8499755859375,1506999
2023-05-31,1465.0,1465.0,1447.25,1451.050048828125,1704213
2023-06-01,1455.5,1459.0,1444.0,1450.1500244140625,939379
2023-06-02,1460.0,1466.9000244140625,1448.4000244140625,1457.25,1129346
2023-06-05,1469.0,1469.5,1456.199951171875,1458.9000244140625,829929
2023-06-06,1466.5,1478.9000244140625,1463.0999755859375,1475.0999755859375,1472972
2023-06-07,1483.0,1483.199951171875,1472.0,1480.9000244140625,837622
2023-06-08,1483.0,1485.0,1463.0,1467.4000244140625,722068
2023-06-09,1471.0,1476.0,1461.550048828125,1466.5,499104
2023-06-12,1473.0,1473.0,1461.949951171875,1466.0,465964
2023-06-13,1470.0,1492.0,1470.0,1486.199951171875,1205104
2023-06-14,1490.0,1491.9000244140625,1469.0,1480.4000244140625,763762
2023-06-15,1479.949951171875,1482.0,1469.5999755859375,1474.699951171875,853566
2023-06-16,1479.0,1515.0,1474.699951171875,1508.5999755859375,2090874
2023-06-19,1522.949951171875,1553.300048828125,1516.6500244140625,1541.949951171875,3446484
2023-06-20,1543.199951171875,1543.199951171875,1502.1500244140625,1521.050048828125,1943763
2023-06-21,1525.9000244140625,1535.0,1513.25,1519.25,799052
2023-06-22,1523.0,1527.199951171875,1504.8499755859375,1507.6500244140625,966522
2023-06-23,1507.5,1519.699951171875,1483.949951171875,1501.949951171875,1237464
2023-06-26,1504.449951171875,1510.8499755859375,1487.199951171875,1507.550048828125,647496
2023-06-27,1512.0,1527.3499755859375,1503.0,1522.949951171875,763062
2023-06-28,1530.0,1535.0,1515.800048828125,1518.8499755859375,1158136
2023-06-30,1521.0,1536.5999755859375,1519.0,1528.0,934639
2023-07-03,1528.0,1544.5,1526.5999755859375,1540.0999755859375,1068533
2023-07-04,1565.0999755859375,1634.949951171875,1565.0999755859375,1629.5,7337423
2023-07-05,1631.0,1642.0,1607.550048828125,1613.699951171875,2006206
2023-07-06,1615.050048828125,1624.0,1607.0,1619.9000244140625,937466
2023-07-07,1611.8499755859375,1626.6500244140625,1605.4000244140625,1614.9000244140625,1456642
2023-07-10,1611.949951171875,1622.0,1579.75,1597.800048828125,1731894
2023-07-11,1598.0,1632.0,1587.9000244140625,1592.4000244140625,1500679
2023-07-12,1595.6500244140625,1605.0999755859375,1581.25,1593.199951171875,1281286
2023-07-13,1595.0,1625.0,1595.0,1615.0999755859375,1136620
2023-07-14,1623.1500244140625,1635.0,1604.25,1614.199951171875,1088010
2023-07-17,1620.0,1621.949951171875,1603.0,1610.25,823296
2023-07-18,1618.3499755859375,1625.0,1602.0,1618.300048828125,2077115
2023-07-19,1618.300048828125,1649.800048828125,1614.0,1644.0999755859375,1920501
2023-07-20,1650.9000244140625,1658.25,1625.0,1635.800048828125,1159938
2023-07-21,1633.0,1645.0,1620.300048828125,1632.8499755859375,1149031
2023-07-24,1630.0,1660.0,1622.0,1657.5,1455663
2023-07-25,1664.9000244140625,1664.9000244140625,1635.050048828125,1648.8499755859375,1378736
2023-07-26,1649.4000244140625,1664.9000244140625,1618.050048828125,1626.449951171875,2225230
2023-07-27,1641.5,1662.699951171875,1602.0,1614.550048828125,3402069
2023-07-28,1625.0,1630.0,1568.4000244140625,1584.8499755859375,3285744
2023-07-31,1565.800048828125,1602.800048828125,1565.800048828125,1598.300048828125,1323373
2023-08-01,1598.300048828125,1599.949951171875,1569.6500244140625,1572.3499755859375,1641917
2023-08-02,1572.0,1572.3499755859375,1524.0,1527.0,2170178
2023-08-03,1522.9000244140625,1522.9000244140625,1477.800048828125,1493.6500244140625,2785017
2023-08-04,1501.949951171875,1507.3499755859375,1470.75,1486.300048828125,2703607
2023-08-07,1498.0,1512.25,1485.0,1508.4000244140625,1228780
2023-08-08,1509.5,1520.300048828125,1492.9000244140625,1515.75,1409271
2023-08-09,1525.0,1529.75,1505.0,1516.5999755859375,1065831
2023-08-10,1512.550048828125,1529.75,1505.0999755859375,1519.4000244140625,900666
2023-08-11,1518.949951171875,1521.800048828125,1497.6500244140625,1504.0,792201
2023-08-14,1496.0,1497.949951171875,1467.050048828125,1482.050048828125,1549409
2023-08-16,1482.0,1482.0,1463.0,1469.8499755859375,834135
2023-08-17,1473.0,1480.0,1465.4000244140625,1476.8499755859375,1048714
2023-08-18,1470.0,1478.300048828125,1456.0,1460.1500244140625,1053734
2023-08-21,1455.0,1484.5,1451.0,1478.300048828125,1498685
2023-08-22,1485.0,1494.0,1464.3499755859375,1467.800048828125,1557523
2023-08-23,1474.0,1474.0,1458.050048828125,1470.0999755859375,961649
2023-08-24,1480.0,1492.0,1465.0,1468.5999755859375,847606
2023-08-25,1468.5999755859375,1509.5,1465.6500244140625,1503.9000244140625,3624097
2023-08-28,1513.5,1514.0,1487.0,1499.9000244140625,1066459
2023-08-29,1509.8499755859375,1514.0,1497.25,1503.449951171875,1377001
2023-08-30,1510.0,1518.8499755859375,1499.0,1501.5,700372
2023-08-31,1501.050048828125,1507.800048828125,1480.199951171875,1488.9000244140625,1542837
2023-09-01,1494.0,1518.699951171875,1487.3499755859375,1514.5,904596
2023-09-04,1521.0,1525.949951171875,1506.050048828125,1510.0999755859375,685689
2023-09-05,1512.0,1519.800048828125,1506.0,1510.449951171875,1298151
2023-09-06,1510.949951171875,1522.449951171875,1504.199951171875,1518.199951171875,712220
2023-09-07,1524.800048828125,1524.800048828125,1510.0999755859375,1519.550048828125,647590
2023-09-08,1530.0,1558.800048828125,1525.050048828125,1541.0,2168354
2023-09-11,1549.5,1552.0,1540.0,1549.699951171875,841557
2023-09-12,1558.9000244140625,1558.9000244140625,1527.6500244140625,1542.449951171875,1444688
2023-09-13,1542.0,1565.050048828125,1521.0,1552.800048828125,1193072
2023-09-14,1556.949951171875,1563.5999755859375,1541.199951171875,1550.9000244140625,920905
2023-09-15,1548.050048828125,1567.5999755859375,1531.300048828125,1538.0999755859375,3116428
2023-09-18,1538.0999755859375,1565.3499755859375,1532.9000244140625,1559.949951171875,1403635
2023-09-20,1554.9000244140625,1568.199951171875,1545.0999755859375,1553.3499755859375,1076887
2023-09-21,1530.5,1552.25,1514.0,1526.199951171875,1772341
2023-09-22,1528.0,1551.0,1524.9000244140625,1543.699951171875,1321743
2023-09-25,1549.699951171875,1591.0,1546.699951171875,1577.4000244140625,2962182
2023-09-26,1583.0,1583.0,1551.0,1567.699951171875,2472382
2023-09-27,1567.699951171875,1570.0,1554.199951171875,1565.75,964400
2023-09-28,1565.0,1574.949951171875,1535.050048828125,1539.699951171875,831496
2023-09-29,1548.0,1552.949951171875,1532.050048828125,1540.25,1109857
2023-10-03,1530.25,1564.199951171875,1527.0,1561.050048828125,1083086
2023-10-04,1555.0,1555.8499755859375,1521.1500244140625,1532.550048828125,1614123
2023-10-05,1540.0,1556.0,1532.300048828125,1542.550048828125,1153064
2023-10-06,1559.3499755859375,1640.699951171875,1551.050048828125,1634.6500244140625,7384628
2023-10-09,1617.1500244140625,1628.0,1606.5999755859375,1621.550048828125,1712235
2023-10-10,1630.0,1643.949951171875,1617.0,1633.0999755859375,1453653
2023-10-11,1641.4000244140625,1650.949951171875,1633.5,1636.550048828125,952433
2023-10-12,1637.0,1642.949951171875,1622.8499755859375,1634.800048828125,1052767
2023-10-13,1631.0,1649.0,1620.0,1646.550048828125,1212989
2023-10-16,1644.0,1649.4000244140625,1630.4000244140625,1642.3499755859375,859548
2023-10-17,1649.9000244140625,1676.75,1645.550048828125,1657.6500244140625,1689224
2023-10-18,1665.0,1665.0,1622.050048828125,1628.199951171875,1230439
2023-10-19,1625.0,1642.949951171875,1597.4000244140625,1634.75,1429935
2023-10-20,1627.800048828125,1639.75,1615.0,1635.050048828125,1191783
2023-10-23,1627.0,1651.699951171875,1605.5,1613.1500244140625,1093182
2023-10-25,1612.9000244140625,1630.0,1598.8499755859375,1611.449951171875,1490405
2023-10-26,1590.0,1608.4000244140625,1552.0,1560.0,1780025
2023-10-27,1575.5999755859375,1593.25,1551.3499755859375,1566.4000244140625,2003579
2023-10-30,1568.9000244140625,1571.0999755859375,1528.0,1561.0999755859375,850025
2023-10-31,1552.4000244140625,1581.449951171875,1552.4000244140625,1569.550048828125,1592788
2023-11-01,1574.9000244140625,1580.0,1565.0,1572.8499755859375,770557
2023-11-02,1587.699951171875,1592.5999755859375,1566.0999755859375,1575.5999755859375,1020303
2023-11-03,1584.25,1593.6500244140625,1527.9000244140625,1536.1500244140625,2519096
2023-11-06,1547.0,1566.0,1540.0,1564.4000244140625,917415
2023-11-07,1602.0,1607.800048828125,1550.0,1569.800048828125,2532282
2023-11-08,1576.0,1579.949951171875,1559.199951171875,1575.5,831310
2023-11-09,1575.0,1589.0,1569.0,1582.25,1108425
2023-11-10,1581.0,1598.800048828125,1572.6500244140625,1596.0,672720
2023-11-13,1594.5999755859375,1597.949951171875,1568.699951171875,1585.199951171875,853825
2023-11-15,1600.0,1615.0,1579.949951171875,1587.050048828125,1684967
2023-11-16,1561.050048828125,1628.0,1539.050048828125,1620.6500244140625,3213352
2023-11-17,1593.050048828125,1620.6500244140625,1581.5999755859375,1615.9000244140625,1783393
2023-11-20,1611.9000244140625,1616.550048828125,1586.1500244140625,1593.800048828125,1256179
2023-11-21,1593.800048828125,1616.449951171875,1593.5999755859375,1610.4000244140625,1714833
2023-11-22,1610.0,1626.0,1602.5,1623.9000244140625,807316
2023-11-23,1623.9000244140625,1636.8499755859375,1620.199951171875,1623.949951171875,695592
2023-11-24,1624.449951171875,1628.949951171875,1612.0,1617.25,625345
2023-11-28,1617.5,1657.0,1617.5,1654.4000244140625,1564478
2023-11-29,1660.0,1665.0,1649.0,1653.5,746796
2023-11-30,1653.0,1679.9000244140625,1644.550048828125,1673.5,1577522
2023-12-01,1680.0,1688.699951171875,1669.949951171875,1685.949951171875,1101136
2023-12-04,1700.0,1714.699951171875,1685.9000244140625,1696.25,1419178
2023-12-05,1696.300048828125,1713.4000244140625,1673.25,1692.699951171875,1778602
2023-12-06,1701.0,1710.0,1692.9000244140625,1700.3499755859375,737176
2023-12-07,1700.3499755859375,1724.0,1690.0,1704.050048828125,941890
2023-12-08,1705.0,1714.550048828125,1692.5,1710.1500244140625,1376050
2023-12-11,1700.1500244140625,1717.0,1698.25,1702.800048828125,1003371
2023-12-12,1704.800048828125,1719.75,1700.5,1706.75,1390539
2023-12-13,1708.0,1709.5,1668.199951171875,1684.550048828125,1168629
2023-12-14,1700.0,1733.9000244140625,1698.0,1730.949951171875,2130836
2023-12-15,1738.949951171875,1741.0,1718.75,1733.1500244140625,1486079
2023-12-18,1732.6500244140625,1738.550048828125,1718.550048828125,1724.5999755859375,696124
2023-12-19,1725.0,1726.550048828125,1696.800048828125,1709.75,1214352
2023-12-20,1715.699951171875,1741.0,1672.0,1680.9000244140625,1540009
2023-12-21,1663.0,1681.800048828125,1660.25,1666.8499755859375,988034
2023-12-22,1669.0,1690.0,1663.5999755859375,1672.050048828125,1279614
2023-12-26,1675.0,1684.0,1637.050048828125,1645.300048828125,1296291
2023-12-27,1657.0,1674.050048828125,1653.800048828125,1669.449951171875,1181177
2023-12-28,1674.050048828125,1698.800048828125,1667.199951171875,1681.199951171875,1360425
2023-12-29,1682.449951171875,1692.699951171875,1674.5999755859375,1685.800048828125,738203
2024-01-01,1685.800048828125,1691.699951171875,1671.0,1676.4000244140625,692280
2024-01-02,1675.9000244140625,1689.8499755859375,1663.449951171875,1686.199951171875,1099965
2024-01-03,1680.0,1708.0,1676.0,1677.6500244140625,804258
2024-01-04,1694.3499755859375,1723.949951171875,1690.0,1701.949951171875,2268009
2024-01-05,1702.949951171875,1717.0999755859375,1697.6500244140625,1709.5,835592
2024-01-08,1715.949951171875,1723.6500244140625,1690.199951171875,1696.3499755859375,684254
2024-01-09,1710.449951171875,1715.0,1674.300048828125,1682.449951171875,1235008
2024-01-10,1685.0,1685.0,1658.6500244140625,1671.8499755859375,607010
2024-01-11,1679.0,1702.6500244140625,1660.1500244140625,1669.25,861924
2024-01-12,1670.25,1674.949951171875,1642.0,1651.9000244140625,1314964
2024-01-15,1655.0,1664.1500244140625,1630.050048828125,1632.4000244140625,1089891
2024-01-16,1634.0,1646.300048828125,1620.0,1623.5,1063676
2024-01-17,1614.949951171875,1622.0,1578.050048828125,1586.1500244140625,1488186
2024-01-18,1586.0,1605.3499755859375,1559.0,1581.1500244140625,1133236
2024-01-19,1590.949951171875,1606.3499755859375,1581.0,1600.5,1139473
2024-01-23,1597.449951171875,1615.25,1575.0,1582.5,3028946
2024-01-24,1594.699951171875,1622.8499755859375,1578.3499755859375,1620.8499755859375,1393463
2024-01-25,1621.75,1635.0,1613.699951171875,1630.1500244140625,1744604
2024-01-29,1630.0,1641.5999755859375,1618.5,1636.949951171875,940220
2024-01-30,1629.0,1629.0,1585.0,1590.550048828125,4851835
2024-01-31,1594.0,1632.0,1585.0,1627.300048828125,1486444
2024-02-01,1632.0,1632.0,1613.0,1622.25,1352416
2024-02-02,1635.0,1664.0,1626.699951171875,1651.5,1514648
2024-02-05,1650.0,1659.9000244140625,1608.550048828125,1614.9000244140625,2578535
2024-02-06,1626.800048828125,1626.800048828125,1578.5999755859375,1597.050048828125,2376798
2024-02-07,1609.0,1623.75,1589.4000244140625,1596.199951171875,1477982
2024-02-08,1607.949951171875,1607.949951171875,1565.0,1570.550048828125,1486674
2024-02-09,1586.25,1587.300048828125,1562.699951171875,1570.949951171875,1049368
2024-02-12,1578.75,1579.300048828125,1551.5,1557.25,803753
2024-02-13,1560.0,1586.449951171875,1552.199951171875,1568.0,1833289
2024-02-14,1560.0,1583.0,1555.0,1579.699951171875,763689
2024-02-15,1589.949951171875,1590.0,1564.550048828125,1569.4000244140625,803588
2024-02-16,1583.0999755859375,1585.0,1567.050048828125,1575.9000244140625,850341
2024-02-19,1576.0,1625.0,1572.0,1620.1500244140625,1162373
2024-02-20,1617.949951171875,1619.0,1597.5,1602.8499755859375,1232581
2024-02-21,1604.0,1618.5999755859375,1580.5999755859375,1586.949951171875,674394
2024-02-22,1599.0,1599.0,1565.8499755859375,1592.550048828125,1149519
2024-02-23,1596.0,1620.9000244140625,1596.0,1616.550048828125,1199419
2024-02-26,1616.0,1629.4000244140625,1610.0,1614.300048828125,742382
2024-02-27,1614.300048828125,1623.449951171875,1595.0,1600.5999755859375,931236
2024-02-28,1603.0,1609.699951171875,1580.0,1584.5,790763
2024-02-29,1584.949951171875,1603.5999755859375,1568.3499755859375,1593.800048828125,1352363
2024-03-01,1597.949951171875,1620.300048828125,1595.199951171875,1613.4000244140625,740120
2024-03-04,1616.0,1625.0,1603.300048828125,1619.300048828125,589948
2024-03-05,1630.0,1636.5999755859375,1541.1500244140625,1550.5,2343463
2024-03-06,1558.0,1558.0,1530.800048828125,1554.5999755859375,1239370
2024-03-07,1557.1500244140625,1589.6500244140625,1557.1500244140625,1582.800048828125,1380840
2024-03-11,1597.5,1616.1500244140625,1583.0,1598.800048828125,1285565
2024-03-12,1590.0999755859375,1612.0,1565.1500244140625,1593.550048828125,1587096
2024-03-13,1592.300048828125,1598.949951171875,1562.0,1573.1500244140625,1279653
2024-03-14,1565.5999755859375,1580.0,1550.0999755859375,1563.699951171875,1289823
2024-03-15,1547.5,1589.5999755859375,1547.5,1571.449951171875,1929597
2024-03-18,1570.949951171875,1579.1500244140625,1561.0,1577.050048828125,645594
2024-03-19,1574.050048828125,1590.0,1551.0999755859375,1581.5,1385006
2024-03-20,1582.5,1593.5,1566.0999755859375,1584.699951171875,723724
2024-03-21,1596.0,1609.449951171875,1592.0,1602.5999755859375,1166497
2024-03-22,1593.0,1610.0,1583.4000244140625,1587.550048828125,1570412
2024-03-26,1589.0,1619.0,1589.0,1593.9000244140625,1616192
2024-03-27,1590.0,1609.9000244140625,1578.199951171875,1582.6500244140625,1205575
2024-03-28,1588.0,1669.0,1588.0,1643.8499755859375,5210310
2024-04-01,1659.050048828125,1674.0,1640.3499755859375,1646.0,767676
2024-04-02,1650.9000244140625,1662.9000244140625,1625.699951171875,1656.550048828125,1605925
2024-04-03,1654.0,1654.8499755859375,1635.0,1640.3499755859375,1055536
2024-04-04,1650.0,1662.5,1630.0,1655.800048828125,1328509
2024-04-05,1658.5,1681.5,1651.949951171875,1677.949951171875,2364243
2024-04-08,1690.0,1702.0,1684.8499755859375,1689.1500244140625,1345380
2024-04-09,1694.949951171875,1715.0,1687.25,1710.4000244140625,1284145
2024-04-10,1717.0,1722.0,1696.0,1704.0999755859375,1031729
2024-04-12,1700.0,1706.199951171875,1689.550048828125,1698.6500244140625,1312132
2024-04-15,1672.0,1692.0,1654.199951171875,1656.8499755859375,828843
2024-04-16,1640.0,1648.699951171875,1611.3499755859375,1618.5,1528544
2024-04-18,1625.0,1630.0999755859375,1589.300048828125,1593.9000244140625,1325537
2024-04-19,1587.0,1628.75,1568.699951171875,1619.0,1242066
2024-04-22,1627.0,1648.0,1617.5,1629.449951171875,703167
2024-04-23,1628.5999755859375,1652.0,1616.0,1621.0999755859375,1297705
2024-04-24,1625.0,1648.8499755859375,1618.050048828125,1630.3499755859375,578310
2024-04-25,1630.0,1672.0,1615.6500244140625,1655.550048828125,1569437
2024-04-26,1649.050048828125,1649.050048828125,1578.449951171875,1597.3499755859375,5325417
2024-04-29,1603.0,1603.0,1587.3499755859375,1595.6500244140625,1132800
2024-04-30,1596.0,1633.949951171875,1591.300048828125,1615.0,1748360
2024-05-02,1615.0,1635.0,1611.0,1615.449951171875,1304846
2024-05-03,1650.199951171875,1725.0,1618.0,1627.300048828125,5227529
2024-05-06,1637.9000244140625,1637.9000244140625,1607.050048828125,1611.3499755859375,725360
2024-05-07,1621.0,1625.0,1593.0,1615.1500244140625,1348125
2024-05-08,1601.0,1620.0,1598.75,1603.050048828125,802342
2024-05-09,1606.699951171875,1613.0999755859375,1559.5999755859375,1564.5999755859375,1364729
2024-05-10,1560.0,1584.1500244140625,1556.0,1572.699951171875,768117
2024-05-13,1574.0,1587.0,1556.300048828125,1580.550048828125,466042
2024-05-14,1575.3499755859375,1589.9000244140625,1569.050048828125,1576.449951171875,652248
2024-05-15,1580.0,1589.6500244140625,1566.5999755859375,1569.050048828125,581805
2024-05-16,1575.050048828125,1601.0,1560.449951171875,1596.0,1212568
2024-05-17,1595.0,1598.0,1580.050048828125,1584.75,699522
2024-05-21,1587.5,1595.300048828125,1572.0,1582.550048828125,903561
2024-05-22,1582.550048828125,1590.0,1575.0,1583.949951171875,578669
2024-05-23,1587.0999755859375,1613.25,1581.25,1608.449951171875,1547483
2024-05-24,1609.0,1620.0,1597.050048828125,1601.699951171875,566278
2024-05-27,1605.0,1612.8499755859375,1590.300048828125,1595.800048828125,1365230
2024-05-28,1602.949951171875,1605.0,1589.449951171875,1599.6500244140625,1306333
2024-05-29,1594.1500244140625,1602.3499755859375,1565.0999755859375,1569.9000244140625,1665575
2024-05-30,1566.75,1575.199951171875,1517.0,1524.0999755859375,2285079
2024-05-31,1530.0,1552.050048828125,1518.9000244140625,1528.5999755859375,2794001
2024-06-03,1580.0,1583.0,1556.449951171875,1575.800048828125,1826290
2024-06-04,1556.0,1569.199951171875,1419.050048828125,1477.300048828125,4388491
2024-06-05,1490.0,1528.0,1472.9000244140625,1517.699951171875,1456768
2024-06-06,1521.5,1541.5,1510.800048828125,1526.449951171875,2891789
2024-06-07,1538.949951171875,1580.0,1530.550048828125,1567.699951171875,2787254
2024-06-10,1586.050048828125,1589.0,1559.3499755859375,1565.800048828125,1154334
2024-06-11,1573.0,1577.4000244140625,1558.0,1568.25,1184425
2024-06-12,1568.0,1593.75,1562.0,1579.0999755859375,1799090
2024-06-13,1586.949951171875,1595.550048828125,1581.0,1590.0999755859375,1095701
2024-06-14,1590.0999755859375,1596.0,1575.3499755859375,1591.75,681385
2024-06-18,1599.0,1604.9000244140625,1585.0,1597.949951171875,1282756
2024-06-19,1600.0,1600.0,1582.5,1594.9000244140625,1269273
2024-06-20,1592.5,1595.0,1573.0999755859375,1586.0,1649421
2024-06-21,1586.0,1610.8499755859375,1570.5,1578.9000244140625,3345305
2024-06-24,1570.050048828125,1589.8499755859375,1561.0,1587.6500244140625,822750
2024-06-25,1587.6500244140625,1610.75,1571.0,1603.3499755859375,3093861
2024-06-26,1607.0,1616.5,1593.75,1600.25,1310438
2024-06-27,1600.25,1614.699951171875,1595.050048828125,1603.0999755859375,2620064
2024-06-28,1603.0999755859375,1622.0,1583.0999755859375,1588.1500244140625,2058302
2024-07-01,1588.199951171875,1590.949951171875,1578.0,1580.199951171875,2444681
2024-07-02,1580.199951171875,1585.0,1561.0999755859375,1579.75,2572175
2024-07-03,1583.0,1597.5,1573.5999755859375,1594.1500244140625,892102
2024-07-04,1610.0,1610.0,1580.800048828125,1585.699951171875,1450706
2024-07-05,1587.0,1590.699951171875,1570.0999755859375,1579.5999755859375,1070592
2024-07-08,1579.5999755859375,1579.5999755859375,1562.0,1570.0999755859375,1000005
2024-07-09,1577.699951171875,1583.9000244140625,1567.0,1581.5999755859375,1233946
2024-07-10,1583.9000244140625,1589.0,1570.75,1582.550048828125,1355610
2024-07-11,1584.0,1596.0,1576.0,1587.8499755859375,1848978
2024-07-12,1604.8499755859375,1604.8499755859375,1585.1500244140625,1597.25,1003699
2024-07-15,1597.0,1605.0,1588.0,1602.199951171875,1753186
2024-07-16,1605.0,1615.0,1598.4000244140625,1609.550048828125,980434
2024-07-18,1606.0,1654.0,1593.050048828125,1651.25,2999670
2024-07-19,1652.0,1660.0,1635.0,1640.25,1865129
2024-07-22,1625.0,1651.800048828125,1623.050048828125,1631.1500244140625,784867
2024-07-23,1635.0,1647.949951171875,1599.449951171875,1618.8499755859375,2718846
2024-07-24,1600.5999755859375,1611.9000244140625,1562.0,1579.25,3675430
2024-07-25,1565.5999755859375,1582.6500244140625,1558.0,1571.949951171875,1694503
2024-07-26,1578.0,1592.75,1569.050048828125,1586.449951171875,2768936
2024-07-29,1588.1500244140625,1625.0,1582.5,1617.1500244140625,2217892
2024-07-30,1614.0,1669.9000244140625,1595.199951171875,1642.6500244140625,3703774
2024-07-31,1650.9000244140625,1656.25,1637.6500244140625,1651.6500244140625,1324150
2024-08-01,1655.0,1659.0,1630.0,1634.800048828125,747329
2024-08-02,1620.0,1629.0,1603.0,1623.449951171875,1105569
2024-08-05,1590.0,1605.0,1562.0,1567.699951171875,2058076
2024-08-06,1575.1500244140625,1598.0,1557.0999755859375,1564.0999755859375,1897942
2024-08-07,1584.0999755859375,1584.800048828125,1563.6500244140625,1571.4000244140625,1443063
2024-08-08,1562.449951171875,1576.449951171875,1532.550048828125,1540.050048828125,1683534
2024-08-09,1559.9000244140625,1562.550048828125,1545.5,1560.199951171875,1014828
2024-08-12,1557.0,1570.8499755859375,1548.0999755859375,1559.0,1125254
2024-08-13,1554.0,1569.0,1537.050048828125,1543.3499755859375,1817066
2024-08-14,1545.0,1546.449951171875,1526.800048828125,1529.1500244140625,1173504
2024-08-16,1539.0,1552.449951171875,1523.25,1549.9000244140625,1841887
2024-08-19,1563.9000244140625,1563.9000244140625,1545.050048828125,1551.0999755859375,940893
2024-08-20,1554.949951171875,1624.9000244140625,1551.5,1602.0999755859375,3149863
2024-08-21,1600.0,1628.800048828125,1599.949951171875,1620.949951171875,1966030
2024-08-22,1624.800048828125,1630.0,1614.050048828125,1625.699951171875,1325535
2024-08-23,1627.9000244140625,1644.949951171875,1623.199951171875,1639.9000244140625,1114056
2024-08-26,1649.0,1688.0,1638.75,1686.199951171875,2446507
2024-08-27,1686.199951171875,1729.0,1652.0,1719.0,4205533
2024-08-28,1728.0,1735.0,1700.050048828125,1713.5,1444329
2024-08-29,1716.0,1772.0,1711.550048828125,1755.6500244140625,5508206
2024-08-30,1769.949951171875,1793.5,1750.050048828125,1783.050048828125,3865499
2024-09-02,1796.4000244140625,1862.0,1787.800048828125,1840.550048828125,5442576
2024-09-03,1850.0,1870.949951171875,1811.949951171875,1865.5999755859375,4429269
2024-09-04,1840.199951171875,1879.699951171875,1833.050048828125,1871.9000244140625,2634954
2024-09-05,1868.0,1874.699951171875,1850.0,1864.949951171875,1441842
2024-09-06,1864.0,1898.0,1836.0,1857.1500244140625,2970645
2024-09-09,1860.0,1873.75,1839.050048828125,1860.449951171875,1576721
2024-09-10,1874.800048828125,1874.800048828125,1815.25,1824.5,2155688
2024-09-11,1829.0,1853.800048828125,1814.25,1833.1500244140625,1492450
2024-09-12,1850.699951171875,1860.0,1816.800048828125,1854.8499755859375,2040386
2024-09-13,1874.800048828125,1906.9000244140625,1846.5,1894.449951171875,3078216
2024-09-16,1902.0,1921.0,1838.050048828125,1857.5999755859375,3180768
2024-09-17,1859.0,1876.8499755859375,1838.550048828125,1848.699951171875,1920113
2024-09-18,1848.699951171875,1897.0,1843.199951171875,1888.199951171875,2960854
2024-09-19,1890.0,1902.0,1876.0,1890.4000244140625,1821882
2024-09-20,1892.0999755859375,1924.5,1884.3499755859375,1916.800048828125,4225587
2024-09-23,1929.8499755859375,1934.0,1914.5999755859375,1919.949951171875,1118846
2024-09-24,1920.0,1923.5999755859375,1898.3499755859375,1904.6500244140625,1461016
2024-09-25,1905.0,1938.800048828125,1896.050048828125,1928.5,901659
2024-09-26,1940.0,1988.25,1930.1500244140625,1982.800048828125,2541200
2024-09-27,1976.8499755859375,2029.9000244140625,1966.300048828125,2010.699951171875,3718693
2024-09-30,2010.699951171875,2018.949951171875,1968.300048828125,1973.4000244140625,1859917
2024-10-01,1973.0,2007.0999755859375,1969.050048828125,1975.25,1326900
2024-10-03,1961.0,1970.050048828125,1896.5,1913.4000244140625,1702709
2024-10-04,1913.300048828125,1935.0,1865.25,1884.550048828125,2423416
2024-10-07,1884.550048828125,1901.5999755859375,1868.800048828125,1879.300048828125,1423722
2024-10-08,1873.199951171875,1893.949951171875,1833.0999755859375,1838.1500244140625,1423384
2024-10-09,1849.0,1881.199951171875,1835.550048828125,1866.949951171875,1411255
2024-10-10,1874.800048828125,1887.8499755859375,1860.0,1875.699951171875,1209065
2024-10-11,1875.949951171875,1883.800048828125,1855.0999755859375,1876.4000244140625,516757
2024-10-14,1885.0999755859375,1885.0999755859375,1862.550048828125,1867.199951171875,809881
2024-10-15,1873.5999755859375,1895.75,1842.0,1853.949951171875,2072690
2024-10-16,1855.0,1871.0,1847.25,1862.050048828125,850008
2024-10-17,1868.0,1869.449951171875,1809.0999755859375,1815.800048828125,1115879
2024-10-18,1815.0,1833.300048828125,1793.0,1819.9000244140625,990257
2024-10-21,1822.0,1823.9000244140625,1753.949951171875,1758.4000244140625,1663903
2024-10-22,1758.550048828125,1770.949951171875,1716.1500244140625,1722.5999755859375,3142294
2024-10-23,1727.550048828125,1779.5,1727.550048828125,1739.699951171875,2585058
2024-10-24,1740.050048828125,1764.0,1718.6500244140625,1742.0999755859375,1502718
2024-10-25,1742.0999755859375,1751.9000244140625,1698.0999755859375,1707.4000244140625,875973
2024-10-28,1710.75,1737.8499755859375,1701.949951171875,1730.449951171875,653158
2024-10-29,1725.1500244140625,1775.5,1703.0,1766.699951171875,1561586
2024-10-30,1766.699951171875,1777.449951171875,1740.199951171875,1752.449951171875,826677
2024-10-31,1745.199951171875,1755.0,1725.050048828125,1750.75,869480
2024-11-01,1762.0,1772.1500244140625,1746.300048828125,1754.699951171875,134827
2024-11-04,1754.699951171875,1758.0,1694.050048828125,1712.5,1294236
2024-11-05,1714.0999755859375,1744.300048828125,1686.0,1735.6500244140625,1646381
2024-11-06,1732.0999755859375,1759.699951171875,1732.0999755859375,1748.699951171875,926170
2024-11-07,1745.0,1757.0,1705.050048828125,1729.699951171875,855044
2024-11-08,1739.0,1743.5,1717.0,1739.75,869560
2024-11-11,1727.550048828125,1751.949951171875,1713.050048828125,1717.449951171875,696798
2024-11-12,1725.0,1732.949951171875,1688.75,1691.75,903492
2024-11-13,1690.0,1695.949951171875,1657.449951171875,1664.449951171875,668302
2024-11-14,1665.0,1673.550048828125,1633.550048828125,1639.800048828125,744472
2024-11-18,1634.0,1641.949951171875,1610.0,1616.0,1618700
2024-11-19,1622.949951171875,1625.949951171875,1580.550048828125,1596.3499755859375,2569730
2024-11-21,1596.0,1596.0,1565.25,1569.25,984265
2024-11-22,1569.949951171875,1606.0,1562.050048828125,1600.8499755859375,2082813
2024-11-25,1618.0,1638.800048828125,1600.0,1604.9000244140625,2191916
2024-11-26,1614.9000244140625,1614.9000244140625,1582.0,1594.4000244140625,2483861
2024-11-27,1595.949951171875,1608.5999755859375,1589.0,1600.050048828125,1335825
2024-11-28,1605.0,1610.050048828125,1567.6500244140625,1575.050048828125,3458405
2024-11-29,1581.9000244140625,1587.949951171875,1574.949951171875,1579.949951171875,1998058
2024-12-02,1588.0,1603.800048828125,1567.0,1596.6500244140625,1423549
2024-12-03,1597.0999755859375,1609.9000244140625,1595.050048828125,1607.0999755859375,1045367
2024-12-04,1619.0,1632.25,1606.0999755859375,1628.0999755859375,2271608
2024-12-05,1636.75,1654.0999755859375,1605.449951171875,1644.0999755859375,1706032
2024-12-06,1640.0,1649.949951171875,1625.050048828125,1635.199951171875,1049225
2024-12-09,1642.0,1647.550048828125,1619.199951171875,1637.050048828125,859106
2024-12-10,1644.75,1673.0,1637.0999755859375,1663.4000244140625,1673974
2024-12-11,1667.0999755859375,1690.3499755859375,1649.0,1686.5,2131913
2024-12-12,1685.0,1690.5,1674.5999755859375,1679.300048828125,1137744
2024-12-13,1667.0999755859375,1683.5999755859375,1635.0,1679.699951171875,1389802
2024-12-16,1675.0,1683.949951171875,1660.4000244140625,1673.6500244140625,797240
2024-12-17,1673.0,1673.6500244140625,1633.050048828125,1643.1500244140625,1045630
2024-12-18,1642.0,1647.4000244140625,1622.5999755859375,1630.75,952592
2024-12-19,1616.800048828125,1624.1500244140625,1583.050048828125,1589.550048828125,1681562
2024-12-20,1589.550048828125,1603.5999755859375,1565.0,1569.6500244140625,1806341
2024-12-23,1583.0,1594.75,1560.550048828125,1563.4000244140625,1017438
2024-12-24,1563.0999755859375,1572.8499755859375,1551.6500244140625,1564.550048828125,810638
2024-12-26,1554.449951171875,1574.9000244140625,1554.449951171875,1559.300048828125,760870
2024-12-27,1567.949951171875,1586.0,1561.0999755859375,1579.300048828125,1174865
2024-12-30,1580.0,1587.8499755859375,1560.449951171875,1576.699951171875,1307371
2024-12-31,1569.949951171875,1575.949951171875,1560.0,1568.0999755859375,1041557
2025-01-01,1565.0,1584.050048828125,1565.0,1576.4000244140625,464064
2025-01-02,1581.300048828125,1717.9000244140625,1576.4000244140625,1700.6500244140625,8022190
2025-01-03,1700.0,1720.0,1692.0,1701.0999755859375,1563600
2025-01-06,1715.0,1732.949951171875,1675.0,1684.5999755859375,1837772
2025-01-07,1692.0,1703.6500244140625,1674.199951171875,1682.75,1242573
2025-01-08,1681.0,1709.0,1668.550048828125,1697.0,1437122
2025-01-09,1697.0,1700.5,1675.0,1690.300048828125,1036731
2025-01-10,1682.0,1718.199951171875,1680.0,1701.25,1467079
2025-01-13,1689.5999755859375,1700.0,1666.5999755859375,1674.1500244140625,1177882
2025-01-14,1689.0,1730.0,1684.0,1713.5,2084348
2025-01-15,1721.0999755859375,1730.449951171875,1650.0,1671.6500244140625,2098490
2025-01-16,1680.0,1705.949951171875,1679.199951171875,1697.3499755859375,1105433
2025-01-17,1686.0999755859375,1698.4000244140625,1670.949951171875,1680.6500244140625,905680
2025-01-20,1686.300048828125,1738.0,1674.4000244140625,1735.199951171875,1674215
2025-01-21,1745.0,1751.0,1711.0,1717.0,2008953
2025-01-22,1720.0,1746.8499755859375,1710.5,1743.300048828125,1369310
2025-01-23,1742.550048828125,1766.0,1730.449951171875,1746.1500244140625,1888122
2025-01-24,1751.0,1754.9000244140625,1725.0,1728.699951171875,747930
2025-01-27,1714.8499755859375,1732.6500244140625,1702.0,1711.5999755859375,1017680
2025-01-28,1732.949951171875,1788.050048828125,1715.0,1768.949951171875,2439528
2025-01-29,1776.949951171875,1804.949951171875,1767.25,1790.4000244140625,1880079
2025-01-30,1825.0,1856.0,1741.0,1745.199951171875,5190089
2025-01-31,1713.5999755859375,1753.699951171875,1698.199951171875,1736.0999755859375,1917476
2025-02-01,1747.0,1780.0,1617.0,1754.0,2887325
2025-02-03,1735.0,1805.0,1733.3499755859375,1794.8499755859375,2918355
2025-02-04,1800.0,1818.9000244140625,1772.800048828125,1813.25,2285643
2025-02-05,1811.0,1826.550048828125,1780.0,1796.75,1286850
2025-02-06,1808.0,1812.949951171875,1779.449951171875,1788.0,1119866
2025-02-07,1801.0,1822.0,1784.3499755859375,1798.3499755859375,1748940
2025-02-10,1804.9000244140625,1806.949951171875,1774.800048828125,1792.4000244140625,908769
2025-02-11,1792.4000244140625,1795.300048828125,1742.0,1744.8499755859375,1944713
2025-02-12,1749.0,1800.8499755859375,1727.25,1788.699951171875,1888823
2025-02-13,1803.949951171875,1853.5,1796.6500244140625,1849.25,4070038
2025-02-14,1853.5,1867.5999755859375,1825.0,1841.300048828125,1823774
2025-02-17,1841.300048828125,1898.75,1830.449951171875,1894.8499755859375,3022597
2025-02-18,1892.0,1913.800048828125,1880.800048828125,1893.699951171875,2116513
2025-02-19,1891.050048828125,1899.199951171875,1868.050048828125,1875.3499755859375,768994
2025-02-20,1867.8499755859375,1887.5,1861.050048828125,1881.25,1012144
2025-02-21,1872.199951171875,1893.300048828125,1866.4000244140625,1879.3499755859375,852037
2025-02-24,1868.0,1889.9000244140625,1853.0,1857.800048828125,1076484
2025-02-25,1857.800048828125,1896.0,1857.800048828125,1875.0999755859375,1761019
2025-02-27,1882.1500244140625,1938.800048828125,1881.0,1925.550048828125,2878330
2025-02-28,1911.050048828125,1920.0,1862.550048828125,1872.300048828125,1797567
2025-03-03,1884.699951171875,1884.699951171875,1818.699951171875,1838.550048828125,1046987
2025-03-04,1829.75,1833.5,1785.25,1790.300048828125,1443339
2025-03-05,1787.0,1808.800048828125,1733.0,1801.800048828125,2143253
2025-03-06,1818.800048828125,1853.0,1784.0999755859375,1845.449951171875,2176883
2025-03-07,1845.1500244140625,1865.550048828125,1836.5,1845.300048828125,1332323
2025-03-10,1844.75,1888.75,1835.0,1840.3499755859375,1703046
2025-03-11,1830.0,1836.8499755859375,1788.25,1805.4000244140625,2298735
2025-03-12,1814.0,1824.3499755859375,1800.0,1819.449951171875,1196955
2025-03-13,1828.0,1840.0,1803.1500244140625,1807.449951171875,1333932
2025-03-17,1820.0,1880.9000244140625,1797.1500244140625,1871.5999755859375,6994837
2025-03-18,1871.5999755859375,1871.5999755859375,1871.5999755859375,1871.5999755859375,0
2025-03-19,1855.0,1864.4000244140625,1840.0,1842.25,2411880
2025-03-20,1842.25,1855.0,1814.0999755859375,1851.8499755859375,2306910
2025-03-21,1878.0,1880.0,1825.0,1847.25,3537391
2025-03-24,1855.3499755859375,1898.699951171875,1845.5,1894.1500244140625,1864839
2025-03-25,1905.0,1954.4000244140625,1894.9000244140625,1945.050048828125,3512725
2025-03-26,1951.0,1978.0,1935.0,1943.4000244140625,2779682
2025-03-27,1940.0,2011.5,1932.5999755859375,2005.75,4506778
2025-03-28,1995.75,2022.0,1994.199951171875,2007.3499755859375,1907116
2025-04-01,1998.0,2002.0,1932.5,1937.0999755859375,2125921
2025-04-02,1946.300048828125,1963.5,1920.949951171875,1930.949951171875,1057344
2025-04-03,1915.0,1950.0,1904.949951171875,1920.449951171875,1598430
2025-04-04,1912.0,1929.949951171875,1897.0,1912.300048828125,2120708
2025-04-07,1835.0,1894.0,1823.5,1852.6500244140625,2594074
2025-04-08,1890.0,1934.0,1873.699951171875,1903.199951171875,3182018
2025-04-09,1899.0,1918.300048828125,1878.0,1895.699951171875,1394829
2025-04-11,1909.449951171875,1966.0,1906.550048828125,1946.300048828125,1880510
2025-04-15,1984.0,1984.0,1960.800048828125,1968.0,1250872
2025-04-16,1961.0,1975.699951171875,1949.5999755859375,1969.199951171875,1033717
2025-04-17,1961.5,2039.699951171875,1955.0,2035.300048828125,2104540
2025-04-21,2037.0999755859375,2118.699951171875,2035.699951171875,2103.5,2642028
2025-04-22,2104.0,2110.0,2070.0,2077.0,1447675
2025-04-23,2094.0,2117.800048828125,2057.39990234375,2100.800048828125,1483177
2025-04-24,2121.800048828125,2135.0,2085.39990234375,2105.0,1465968
2025-04-25,2105.0,2125.0,2023.0999755859375,2045.5,1960343
2025-04-28,2040.0,2094.800048828125,2040.0,2049.699951171875,6311008
2025-04-29,2061.0,2082.0,2028.800048828125,2066.89990234375,2119823
2025-04-30,2018.199951171875,2020.0,1926.5,1951.5999755859375,4684518
2025-05-02,1955.0,1986.5999755859375,1917.199951171875,1966.699951171875,1949238
2025-05-05,1964.9000244140625,2036.5999755859375,1959.0999755859375,2026.199951171875,2072898
2025-05-06,2028.9000244140625,2045.0,2008.0999755859375,2035.800048828125,1698230
2025-05-07,2011.300048828125,2045.5,2009.699951171875,2030.300048828125,1078158
2025-05-08,2032.0,2050.0,1992.9000244140625,2006.0,1697652
2025-05-09,1970.0,1999.0,1963.0,1970.0,1207361
2025-05-12,2024.9000244140625,2057.60009765625,2011.800048828125,2050.39990234375,1057561
2025-05-13,2046.9000244140625,2061.39990234375,2010.5999755859375,2018.199951171875,2217985
2025-05-14,2028.9000244140625,2042.0,2010.0,2020.4000244140625,1670853
2025-05-15,2015.0999755859375,2050.39990234375,1996.699951171875,2041.9000244140625,2640223
2025-05-16,2054.0,2071.0,2022.0,2033.5999755859375,1568556
2025-05-19,2038.9000244140625,2053.0,2035.0,2038.300048828125,1379603
2025-05-20,2047.0,2047.0,1995.0,2005.0999755859375,2170575
2025-05-21,2011.5,2047.0,1998.199951171875,2037.300048828125,1291354
2025-05-22,2037.300048828125,2041.800048828125,1992.0,2001.0,1178160
2025-05-23,2005.9000244140625,2048.699951171875,2003.199951171875,2036.5,1085026
2025-05-26,2044.0,2070.0,2040.199951171875,2052.60009765625,714431
2025-05-27,2050.0,2058.0,2014.5,2029.9000244140625,1175928
2025-05-28,2044.9000244140625,2044.9000244140625,2018.0,2022.4000244140625,415312
2025-05-29,2031.4000244140625,2032.9000244140625,2000.0999755859375,2010.9000244140625,874950
2025-05-30,2010.9000244140625,2031.699951171875,2010.9000244140625,2017.4000244140625,2144136
2025-06-02,2017.4000244140625,2035.699951171875,1995.0999755859375,2029.0,1339043
2025-06-03,2039.0999755859375,2044.800048828125,1980.0,1991.9000244140625,1522876
2025-06-04,2000.0,2007.800048828125,1944.0999755859375,1956.0999755859375,1169875
2025-06-05,1961.0,1965.9000244140625,1929.0999755859375,1944.0,1808602
2025-06-06,1968.0,2018.699951171875,1921.0,1990.0,6970191
2025-06-09,2001.0,2057.699951171875,1991.0,2017.4000244140625,4221378
2025-06-10,2022.0999755859375,2028.300048828125,1988.0999755859375,1998.0999755859375,3306765
2025-06-11,2004.0,2029.0,1982.9000244140625,2012.9000244140625,2245988
2025-06-12,2016.0,2059.699951171875,2012.199951171875,2028.800048828125,3783347
2025-06-13,2000.0,2016.9000244140625,1980.0,2011.0,1418715
2025-06-16,2005.0,2040.0,1998.0,2028.199951171875,1645983
2025-06-17,2030.0,2033.9000244140625,1996.199951171875,2003.300048828125,1220096
2025-06-18,2002.0,2018.0,1975.800048828125,1981.4000244140625,1401356
2025-06-19,1982.0,1996.199951171875,1957.4000244140625,1967.5999755859375,745887
2025-06-20,1974.800048828125,1998.9000244140625,1965.0,1986.199951171875,1931248
2025-06-23,1976.300048828125,2008.4000244140625,1950.699951171875,1997.5999755859375,1125629
2025-06-24,2019.0,2032.4000244140625,1999.199951171875,2009.199951171875,1717823
2025-06-25,2028.0,2028.0,2004.0,2011.800048828125,998245
2025-06-26,2018.0,2058.0,2011.800048828125,2053.60009765625,1828277
2025-06-27,2060.0,2065.0,2005.0,2044.0,6315182
2025-06-30,2040.0,2064.0,2028.0,2056.0,1363779
2025-07-01,2055.10009765625,2068.5,2042.5999755859375,2053.800048828125,1002015
2025-07-02,2054.0,2057.5,1996.5999755859375,2007.9000244140625,1204931
2025-07-03,2008.0,2014.4000244140625,1977.5999755859375,1980.699951171875,1133593
2025-07-04,1993.0,2032.9000244140625,1985.0,1994.4000244140625,1509178
2025-07-07,1996.800048828125,2016.9000244140625,1993.0,2006.4000244140625,861699
2025-07-08,2000.0,2020.5999755859375,1998.699951171875,2018.300048828125,986803
2025-07-09,2013.0,2037.5999755859375,2012.0,2026.4000244140625,1161769
2025-07-10,2034.0,2049.0,2021.800048828125,2039.4000244140625,1230564
2025-07-11,2037.0,2040.699951171875,2000.199951171875,2017.199951171875,1145529
2025-07-14,2010.0,2015.0,1989.0,2003.5999755859375,605261
2025-07-15,2010.0,2046.0,2004.0999755859375,2036.5,888117
2025-07-16,2040.0999755859375,2043.699951171875,2018.0999755859375,2036.0,633132
2025-07-17,2037.5999755859375,2047.5,2020.300048828125,2026.5,458912
2025-07-18,2029.9000244140625,2038.9000244140625,2007.300048828125,2029.5999755859375,995783
2025-07-21,2026.9000244140625,2056.0,2017.5999755859375,2053.89990234375,999643
2025-07-22,2047.9000244140625,2049.0,2015.199951171875,2039.5999755859375,1214275
2025-07-23,2047.699951171875,2063.199951171875,2033.699951171875,2060.5,878101
2025-07-24,2060.5,2060.60009765625,2025.0,2032.300048828125,658995
2025-07-25,1999.0,2000.0,1932.9000244140625,1985.800048828125,4102292
2025-07-28,1990.0,2023.0,1971.0999755859375,1977.800048828125,1469727
2025-07-29,1977.800048828125,1984.5,1943.800048828125,1972.5999755859375,847965
2025-07-30,1972.699951171875,1989.0999755859375,1945.0999755859375,1959.800048828125,932988
2025-07-31,1953.0999755859375,1968.300048828125,1941.0999755859375,1948.0,985553
2025-08-01,1945.0,1977.9000244140625,1911.199951171875,1916.300048828125,836974
2025-08-04,1923.0,1944.4000244140625,1923.0,1933.5999755859375,982532
2025-08-05,1930.0999755859375,1942.699951171875,1916.0,1939.4000244140625,1101680
2025-08-06,1939.4000244140625,1946.699951171875,1912.199951171875,1924.0,875588
2025-08-07,1919.699951171875,1932.9000244140625,1890.5999755859375,1914.0,905353
2025-08-08,1915.0,1929.699951171875,1906.4000244140625,1919.199951171875,507893
2025-08-11,1918.0,1939.800048828125,1903.0999755859375,1922.800048828125,1489228
2025-08-12,1925.0,1934.300048828125,1904.0,1908.0,899579
2025-08-13,1914.0,1920.0,1892.9000244140625,1914.4000244140625,710014
2025-08-14,1914.4000244140625,1939.0999755859375,1912.5,1925.0999755859375,765742
2025-08-18,1950.0,2017.0,1950.0,1993.5,1473915
2025-08-19,1994.0,1997.5999755859375,1964.800048828125,1972.199951171875,1389770
2025-08-20,1972.800048828125,1976.5,1949.199951171875,1958.5,1461680
2025-08-21,1984.0,1998.0,1974.5,1980.0,2346236
2025-08-22,1975.0,1977.300048828125,1963.5,1965.9000244140625,709444
2025-08-25,1959.0999755859375,1967.800048828125,1953.0,1963.800048828125,869509
2025-08-26,1960.0,1963.4000244140625,1917.5999755859375,1924.199951171875,1179819
2025-08-28,1920.0,1939.699951171875,1910.5999755859375,1917.5999755859375,985012
2025-08-29,1923.0999755859375,1931.0999755859375,1910.0,1913.5,735268
2025-09-01,1918.9000244140625,1946.0,1913.0,1943.5,590079
2025-09-02,1945.0,1958.699951171875,1938.5999755859375,1955.9000244140625,907972
2025-09-03,1950.0,1972.0,1950.0,1966.0999755859375,934230
2025-09-04,1985.0,2033.800048828125,1971.0,2002.199951171875,2459026
2025-09-05,2013.9000244140625,2023.800048828125,2002.0999755859375,2014.4000244140625,1077230
2025-09-08,2014.4000244140625,2026.4000244140625,2006.0999755859375,2008.4000244140625,338055
2025-09-09,2012.0,2039.0,2012.0,2025.300048828125,1240640
2025-09-10,2035.0999755859375,2047.0,2026.5999755859375,2038.199951171875,927634
2025-09-11,2038.0,2048.800048828125,2028.4000244140625,2037.800048828125,720797
2025-09-12,2036.0999755859375,2089.0,2034.300048828125,2081.5,1546838
2025-09-15,2078.0,2097.0,2068.0,2080.0,1014957
2025-09-16,2085.0,2104.89990234375,2077.60009765625,2080.300048828125,928203
2025-09-17,2088.0,2090.0,2054.89990234375,2057.0,1199866
2025-09-18,2066.0,2075.0,2045.0,2069.199951171875,904666
2025-09-19,2069.0,2077.199951171875,2053.699951171875,2067.300048828125,1973991
2025-09-22,2067.300048828125,2082.0,2062.300048828125,2069.5,633360
2025-09-23,2068.0,2092.0,2068.0,2084.39990234375,1177350
2025-09-24,2084.10009765625,2088.800048828125,2062.89990234375,2069.199951171875,602541
2025-09-25,2069.199951171875,2074.0,2032.4000244140625,2035.5999755859375,952122
2025-09-26,2040.0,2047.5,1996.0999755859375,2003.199951171875,754739
2025-09-29,2007.9000244140625,2031.0,1994.9000244140625,2024.699951171875,2005041
2025-09-30,2025.0,2036.4000244140625,2001.0,2006.4000244140625,924425
2025-10-01,2008.9000244140625,2014.0,1979.5,2007.0,683568
2025-10-03,2016.5,2017.0,1968.0,2000.9000244140625,789048
2025-10-06,1996.0999755859375,2042.199951171875,1995.0999755859375,2033.199951171875,821515
2025-10-07,2038.699951171875,2056.39990234375,2029.0,2032.5999755859375,641471
2025-10-08,2031.5,2038.199951171875,2005.0,2013.5999755859375,369526
2025-10-09,2013.5999755859375,2025.9000244140625,2005.0,2014.5999755859375,437357
2025-10-10,2014.5999755859375,2026.0,2001.199951171875,2004.300048828125,772401
2025-10-13,2004.0999755859375,2025.0,1996.5999755859375,2020.4000244140625,1013809
2025-10-14,2024.9000244140625,2036.800048828125,2006.5999755859375,2019.4000244140625,668246
2025-10-15,2024.5,2088.800048828125,2020.0999755859375,2084.10009765625,1497249
2025-10-16,2078.5,2100.0,2078.0,2090.199951171875,1424932
2025-10-17,2090.0,2104.0,2077.0,2083.699951171875,609393
2025-10-20,2088.0,2149.5,2088.0,2139.800048828125,1844869
2025-10-21,2150.0,2184.0,2134.0,2169.10009765625,367784
2025-10-23,2170.0,2195.0,2159.10009765625,2176.60009765625,1291839
2025-10-24,2176.60009765625,2184.0,2144.60009765625,2159.5,517200
2025-10-27,2159.5,2178.5,2149.89990234375,2170.199951171875,433573
2025-10-28,2172.0,2188.699951171875,2123.10009765625,2140.199951171875,1200996
2025-10-29,2150.0,2150.0,2124.199951171875,2137.0,343434
2025-10-30,2140.0,2146.0,2101.300048828125,2114.60009765625,488305
2025-10-31,2115.0,2128.89990234375,2085.39990234375,2088.300048828125,586237
2025-11-03,2086.0,2100.0,2070.0,2081.60009765625,546962
2025-11-04,2087.0,2098.800048828125,2061.5,2073.199951171875,610128
2025-11-05,2073.199951171875,2073.199951171875,2073.199951171875,2073.199951171875,0
2025-11-06,2079.0,2080.39990234375,2057.199951171875,2063.199951171875,1175380
2025-11-07,2060.0,2112.0,2042.800048828125,2102.10009765625,839091
2025-11-10,2114.699951171875,2126.800048828125,2096.300048828125,2118.300048828125,985115
2025-11-11,2085.0,2099.0,1952.4000244140625,1989.4000244140625,4943745
2025-11-12,2009.5,2039.0,1995.0,2035.5,2396251
2025-11-13,2045.0,2072.39990234375,2032.300048828125,2056.199951171875,1839900
2025-11-14,2050.0,2072.0,2044.199951171875,2065.800048828125,1433249
2025-11-17,2065.800048828125,2081.10009765625,2055.0,2079.60009765625,817576
2025-11-18,2073.0,2075.5,2047.0,2050.199951171875,734236
2025-11-19,2059.39990234375,2059.39990234375,2035.0,2050.199951171875,704802
2025-11-20,2064.699951171875,2105.0,2042.9000244140625,2095.60009765625,1576354
2025-11-21,2100.0,2100.0,2045.0999755859375,2052.39990234375,1019782
2025-11-24,2064.0,2064.0,2025.800048828125,2030.800048828125,1422874
2025-11-25,2039.0,2051.5,2026.4000244140625,2030.199951171875,688300
2025-11-26,2035.0,2088.5,2030.9000244140625,2085.10009765625,928388
2025-11-27,2085.10009765625,2118.0,2075.60009765625,2103.199951171875,1125896
2025-11-28,2110.0,2113.0,2086.5,2094.0,590610
2025-12-01,2102.5,2105.89990234375,2075.0,2081.800048828125,533604
2025-12-02,2070.10009765625,2081.5,2059.5,2065.89990234375,682583
2025-12-03,2065.89990234375,2072.39990234375,2035.0,2046.0,785536
2025-12-04,2046.0,2061.89990234375,2034.0,2049.199951171875,758590
2025-12-05,2050.0,2110.0,2045.800048828125,2096.5,1742156
2025-12-08,2100.0,2104.89990234375,2038.5,2059.199951171875,904146
2025-12-09,2050.0,2081.800048828125,2039.0,2069.5,1176704
2025-12-10,2070.0,2098.199951171875,2060.0,2065.800048828125,937777
2025-12-11,2080.0,2082.699951171875,2050.0,2065.800048828125,624077
2025-12-12,2075.800048828125,2093.0,2069.199951171875,2083.10009765625,554885
2025-12-15,2079.89990234375,2080.800048828125,2061.0,2070.5,483403
2025-12-16,2066.10009765625,2067.800048828125,2029.0,2035.199951171875,506106
2025-12-17,2035.199951171875,2044.0,2011.5999755859375,2021.199951171875,398342
2025-12-18,2020.0,2038.0,2012.5999755859375,2026.300048828125,438810
2025-12-19,2019.0,2055.0,2017.9000244140625,2043.800048828125,1104767
2025-12-22,2044.0999755859375,2053.89990234375,2037.199951171875,2049.800048828125,1038998
2025-12-23,2049.0,2057.5,2042.0,2047.5999755859375,677615
2025-12-24,2048.5,2064.5,2024.300048828125,2035.699951171875,1344198
2025-12-26,2035.699951171875,2035.699951171875,2005.4000244140625,2017.5999755859375,1755050
2025-12-29,2020.0,2026.4000244140625,1997.199951171875,2012.0999755859375,1415166
2025-12-30,2012.0,2047.800048828125,1980.4000244140625,2026.4000244140625,5450560
2025-12-31,2030.199951171875,2046.300048828125,2010.4000244140625,2028.699951171875,659839
