Date,Open,High,Low,Close,Shares Traded,Turnover (â‚¹ Cr)
2021-12-31,17244.5,17400.8,17238.5,17354.05,167025720,14588.54
2022-01-03,17387.15,17646.65,17383.3,17625.7,200456430,16181.36
2022-01-04,17681.4,17827.6,17593.55,17805.25,247437472,18604.16
2022-01-05,17820.1,17944.7,17748.85,17925.25,251460038,23737.31
2022-01-06,17768.5,17797.95,17655.55,17745.9,236454824,22643.82
2022-01-07,17797.6,17905.0,17704.55,17812.7,239338015,21447.89
2022-01-10,17913.3,18017.45,17879.15,18003.3,232418075,20853.64
2022-01-11,17997.75,18081.25,17964.4,18055.75,220238796,20781.46
2022-01-12,18170.4,18227.95,18128.8,18212.35,244974287,22298.69
2022-01-13,18257.0,18272.25,18163.8,18257.8,303700545,28670.93
2022-01-14,18185.0,18286.95,18119.65,18255.75,229451608,21024.51
2022-01-17,18235.65,18321.55,18228.75,18308.1,266702919,23859.38
2022-01-18,18337.2,18350.95,18085.9,18113.05,227507319,20852.67
2022-01-19,18129.2,18129.2,17884.9,17938.4,276662654,25310.19
2022-01-20,17921.0,17943.7,17648.45,17757.0,258094246,25863.29
2022-01-21,17613.7,17707.6,17485.85,17617.15,277645373,25941.64
2022-01-24,17575.15,17599.4,16997.85,17149.1,323847388,28387.73
2022-01-25,17001.55,17309.15,16836.8,17277.95,326515896,31344.46
2022-01-27,17062.0,17182.5,16866.75,17110.15,395596577,36296.64
2022-01-28,17208.3,17373.5,17077.1,17101.95,355284285,29799.89
2022-01-31,17301.05,17410.0,17264.15,17339.85,321660346,25474.13
2022-02-01,17529.45,17622.4,17244.55,17576.85,386391485,30033.66
2022-02-02,17706.2,17794.6,17674.8,17780.0,271205907,23611.59
2022-02-03,17767.75,17781.15,17511.15,17560.2,226614989,20373.06
2022-02-04,17590.2,17617.8,17462.55,17516.3,261434170,20651.85
2022-02-07,17456.3,17536.75,17119.4,17213.6,265037933,21925.11
2022-02-08,17279.85,17306.45,17043.65,17266.75,268526210,23846.16
2022-02-09,17370.1,17477.15,17339.0,17463.8,236350514,19327.67
2022-02-10,17554.1,17639.45,17427.15,17605.85,273606440,22210.93
2022-02-11,17451.0,17454.75,17303.0,17374.75,253141660,23230.82
2022-02-14,17076.15,17099.5,16809.65,16842.8,305510740,24976.16
2022-02-15,16933.25,17375.0,16839.25,17352.45,298658142,24765.67
2022-02-16,17408.45,17490.6,17257.7,17322.2,244549223,21128.38
2022-02-17,17396.55,17442.9,17235.85,17304.6,232136131,19381.26
2022-02-18,17236.05,17380.8,17219.2,17276.3,189620888,16126.96
2022-02-21,17192.25,17351.05,17070.7,17206.65,215183301,18725.57
2022-02-22,16847.95,17148.55,16843.8,17092.2,300131995,24040.84
2022-02-23,17194.5,17220.7,17027.85,17063.25,200229631,17662.47
2022-02-24,16548.9,16705.25,16203.25,16247.95,457967874,36650.83
2022-02-25,16515.65,16748.8,16478.3,16658.4,329780732,25743.77
2022-02-28,16481.6,16815.9,16356.3,16793.9,404214666,33831.57
2022-03-02,16593.1,16678.5,16478.65,16605.95,517723542,39407.44
2022-03-03,16723.2,16768.95,16442.95,16498.05,442068263,31413.0
2022-03-04,16339.45,16456.0,16133.8,16245.35,456143040,34821.1
2022-03-07,15867.95,15944.6,15711.45,15863.15,585403660,38038.75
2022-03-08,15747.75,16028.75,15671.45,16013.45,543600673,38704.4
2022-03-09,16078.0,16418.05,15990.0,16345.35,462231428,35329.34
2022-03-10,16757.1,16757.3,16447.9,16594.9,486445481,35513.73
2022-03-11,16528.8,16694.4,16470.9,16630.45,343717045,24720.34
2022-03-14,16633.7,16887.95,16606.5,16871.3,314669685,23824.02
2022-03-15,16900.65,16927.75,16555.0,16663.0,381631902,29731.09
2022-03-16,16876.65,16987.9,16837.85,16975.35,259973396,21361.32
2022-03-17,17202.9,17344.6,17175.75,17287.05,448335248,35367.28
2022-03-21,17329.5,17353.35,17096.4,17117.6,285451208,22886.39
2022-03-22,17120.4,17334.4,17006.3,17315.5,338263468,27347.6
2022-03-23,17405.05,17442.4,17199.6,17245.65,292120348,24705.28
2022-03-24,17094.95,17291.75,17091.15,17222.75,290280124,25011.72
2022-03-25,17289.0,17294.9,17076.55,17153.0,237115741,20031.39
2022-03-28,17181.85,17235.1,17003.9,17222.0,253240837,19976.26
2022-03-29,17297.2,17343.65,17235.7,17325.3,235149625,20305.78
2022-03-30,17468.15,17522.5,17387.2,17498.25,505031841,28907.47
2022-03-31,17519.2,17559.8,17435.2,17464.75,281111679,24032.07
2022-04-01,17436.9,17703.7,17422.7,17670.45,291773447,21132.13
2022-04-04,17809.1,18114.65,17791.4,18053.4,345526502,38623.94
2022-04-05,18080.6,18095.45,17921.55,17957.4,283453612,25096.7
2022-04-06,17842.75,17901.0,17779.85,17807.65,328824420,24252.48
2022-04-07,17723.3,17787.5,17623.7,17639.55,308840215,26236.91
2022-04-08,17698.15,17842.75,17600.55,17784.35,274447433,25608.1
2022-04-11,17740.9,17779.05,17650.95,17674.95,251701846,21001.58
2022-04-12,17584.85,17595.3,17442.35,17530.3,266029060,23958.77
2022-04-13,17599.9,17663.65,17457.4,17475.65,245061941,20229.83
2022-04-18,17183.45,17237.75,17067.85,17173.65,376130248,30154.62
2022-04-19,17258.95,17275.65,16824.7,16958.65,401399563,35467.13
2022-04-20,17045.25,17186.9,16978.95,17136.55,286069736,25972.15
2022-04-21,17234.6,17414.7,17215.5,17392.6,285200022,24999.9
2022-04-22,17242.75,17315.3,17149.2,17171.95,262739740,23371.7
2022-04-25,17009.05,17054.3,16888.7,16953.95,275685925,22699.65
2022-04-26,17121.3,17223.85,17064.45,17200.8,261065753,22079.92
2022-04-27,17073.35,17110.7,16958.45,17038.4,265140480,25373.8
2022-04-28,17189.5,17322.5,17071.05,17245.05,312914417,28488.87
2022-04-29,17329.25,17377.65,17053.25,17102.55,336243642,29582.86
2022-05-02,16924.45,17092.25,16917.25,17069.1,278155513,21222.64
2022-05-04,17096.6,17132.85,16623.95,16677.6,310632799,27405.52
2022-05-05,16854.75,16945.7,16651.85,16682.65,265793403,21792.91
2022-05-06,16415.55,16484.2,16340.9,16411.25,300527719,25472.95
2022-05-09,16227.7,16403.7,16142.1,16301.85,288402950,23274.74
2022-05-10,16248.9,16404.55,16197.3,16240.05,283061200,22685.27
2022-05-11,16270.05,16318.75,15992.6,16167.1,284294438,22994.38
2022-05-12,16021.1,16041.95,15735.75,15808.0,314921678,25352.34
2022-05-13,15977.0,16083.6,15740.85,15782.15,369135540,27454.12
2022-05-16,15845.1,15977.95,15739.65,15842.3,217646558,17852.19
2022-05-17,15912.6,16284.25,15900.8,16259.3,295687774,22782.99
2022-05-18,16318.15,16399.8,16211.2,16240.3,290441105,23889.84
2022-05-19,15917.4,15984.75,15775.2,15809.4,313876082,24340.84
2022-05-20,16043.8,16283.05,16003.85,16266.15,252402013,22806.69
2022-05-23,16290.95,16414.7,16185.75,16214.7,293829853,25110.85
2022-05-24,16225.55,16262.8,16078.6,16125.15,249778296,21895.75
2022-05-25,16196.35,16223.35,16006.95,16025.8,243342347,21400.14
2022-05-26,16105.0,16204.45,15903.7,16170.15,314305739,27721.21
2022-05-27,16296.6,16370.6,16221.95,16352.45,274064956,21341.98
2022-05-30,16527.9,16695.5,16506.15,16661.4,251400757,21216.5
2022-05-31,16578.45,16690.75,16521.9,16584.55,651613610,52929.35
2022-06-01,16594.4,16649.2,16438.85,16522.75,249619038,19350.33
2022-06-02,16481.65,16646.4,16443.05,16628.0,235958283,20055.84
2022-06-03,16761.65,16793.85,16567.9,16584.3,245514871,22249.29
2022-06-06,16530.7,16610.95,16444.55,16569.55,233589132,17999.41
2022-06-07,16469.6,16487.25,16347.1,16416.35,233814633,17921.95
2022-06-08,16474.95,16514.3,16293.35,16356.25,243481044,18336.15
2022-06-09,16263.85,16492.8,16243.85,16478.1,204954394,16721.68
2022-06-10,16283.95,16324.7,16172.6,16201.8,189680523,18388.03
2022-06-13,15877.55,15886.15,15684.0,15774.4,225534385,20002.64
2022-06-14,15674.25,15858.0,15659.45,15732.1,225425862,19825.41
2022-06-15,15729.25,15783.65,15678.9,15692.15,183011236,16063.24
2022-06-16,15832.25,15863.15,15335.1,15360.6,264735957,21383.06
2022-06-17,15272.65,15400.4,15183.4,15293.5,342629997,29074.0
2022-06-20,15334.5,15382.5,15191.1,15350.15,260022438,18531.78
2022-06-21,15455.95,15707.25,15419.85,15638.8,262794687,18934.27
2022-06-22,15545.65,15565.4,15385.95,15413.3,220889589,16817.07
2022-06-23,15451.55,15628.45,15367.5,15556.65,259171810,21722.06
2022-06-24,15657.4,15749.25,15619.45,15699.25,219599372,18259.72
2022-06-27,15926.2,15927.45,15815.5,15832.05,210932505,17770.42
2022-06-28,15757.45,15892.1,15710.15,15850.2,251865155,18419.75
2022-06-29,15701.7,15861.6,15687.8,15799.1,444949551,22528.57
2022-06-30,15774.5,15890.0,15728.85,15780.25,306027777,23970.65
2022-07-01,15703.7,15793.95,15511.05,15752.05,364090131,25891.94
2022-07-04,15710.5,15852.35,15661.8,15835.35,304328467,19875.22
2022-07-05,15909.15,16025.75,15785.45,15810.85,254164463,19129.6
2022-07-06,15818.2,16011.35,15800.9,15989.8,288375300,22836.77
2022-07-07,16113.75,16150.5,16045.95,16132.9,264615218,21465.33
2022-07-08,16273.65,16275.5,16157.9,16220.6,281102369,20990.69
2022-07-11,16136.15,16248.55,16115.5,16216.0,255915072,20240.69
2022-07-12,16126.2,16158.75,16031.15,16058.3,208648707,16042.52
2022-07-13,16128.2,16140.0,15950.15,15966.65,233264100,19649.66
2022-07-14,16018.85,16070.85,15858.2,15938.65,228603433,18858.83
2022-07-15,16010.8,16066.95,15927.3,16049.2,205768079,17031.43
2022-07-18,16151.4,16287.95,16142.2,16278.5,227744850,19420.93
2022-07-19,16187.05,16359.5,16187.05,16340.55,222630928,18068.59
2022-07-20,16562.8,16588.0,16490.95,16520.85,284359582,22061.81
2022-07-21,16523.55,16626.95,16483.9,16605.25,243625339,20603.17
2022-07-22,16661.25,16752.25,16610.9,16719.45,190906776,18600.11
2022-07-25,16662.55,16706.05,16564.25,16631.0,211392171,19384.43
2022-07-26,16632.9,16636.1,16463.3,16483.85,208208122,20087.54
2022-07-27,16475.35,16653.45,16438.75,16641.8,185210970,17608.03
2022-07-28,16774.85,16947.65,16746.25,16929.6,376256315,26674.28
2022-07-29,17079.5,17172.8,17018.15,17158.25,436059722,28241.29
2022-08-01,17243.2,17356.25,17154.8,17340.05,381532671,23221.04
2022-08-02,17310.15,17390.15,17215.85,17345.45,333639093,22576.94
2022-08-03,17349.25,17407.5,17225.85,17388.15,285414666,20842.13
2022-08-04,17463.1,17490.7,17161.25,17382.0,324981426,21848.21
2022-08-05,17423.65,17474.4,17348.75,17397.5,355310802,20013.14
2022-08-08,17401.5,17548.8,17359.75,17525.1,256994113,18475.21
2022-08-10,17566.1,17566.1,17442.8,17534.75,312716544,21952.35
2022-08-11,17711.65,17719.3,17631.95,17659.0,311247237,20476.53
2022-08-12,17659.65,17724.65,17597.85,17698.15,303872483,18422.47
2022-08-16,17797.2,17839.1,17764.05,17825.25,278042725,18495.27
2022-08-17,17868.15,17965.95,17833.35,17944.25,262768582,21209.54
2022-08-18,17898.65,17968.45,17852.05,17956.5,263914197,18441.68
2022-08-19,17966.55,17992.2,17710.75,17758.45,295627263,21531.99
2022-08-22,17682.9,17690.05,17467.35,17490.7,287559133,19605.44
2022-08-23,17357.35,17625.55,17345.2,17577.5,285616338,20365.8
2022-08-24,17525.45,17623.65,17499.25,17604.95,261953239,17819.88
2022-08-25,17679.0,17726.5,17487.45,17522.45,230181848,17566.7
2022-08-26,17619.3,17685.85,17519.35,17558.9,266636238,17500.8
2022-08-29,17188.65,17380.15,17166.2,17312.9,244854637,19351.5
2022-08-30,17414.95,17777.65,17401.5,17759.3,324687477,26284.26
2022-09-01,17485.7,17695.6,17468.45,17542.8,308526598,26813.95
2022-09-02,17598.4,17643.85,17476.45,17539.45,256268616,19548.88
2022-09-05,17546.45,17683.15,17540.35,17665.8,230309013,17011.26
2022-09-06,17695.7,17764.65,17587.65,17655.6,251204527,17521.09
2022-09-07,17519.4,17650.75,17484.3,17624.4,354137885,25419.5
2022-09-08,17748.15,17807.65,17691.95,17798.75,279845682,19925.25
2022-09-09,17923.35,17925.95,17786.0,17833.35,270299618,20564.06
2022-09-12,17890.85,17980.55,17889.15,17936.35,228242025,17648.17
2022-09-13,18044.45,18088.3,18015.45,18070.05,259922741,21039.08
2022-09-14,17771.15,18091.55,17771.15,18003.75,365866933,26611.96
2022-09-15,18046.35,18096.15,17861.5,17877.4,289637528,22007.78
2022-09-16,17796.8,17820.05,17497.25,17530.85,468464263,36013.89
2022-09-19,17540.65,17667.2,17429.7,17622.25,258329581,19548.99
2022-09-20,17770.4,17919.3,17744.4,17816.25,263100874,20456.69
2022-09-21,17766.35,17838.7,17663.6,17718.35,245532498,19816.78
2022-09-22,17609.65,17722.75,17532.45,17629.8,284094023,21303.96
2022-09-23,17593.85,17642.15,17291.65,17327.35,390754862,23750.53
2022-09-26,17156.3,17196.4,16978.3,17016.3,492002942,27533.01
2022-09-27,17110.9,17176.45,16942.35,17007.4,359895458,22712.8
2022-09-28,16870.55,17037.6,16820.4,16858.6,323922457,21400.93
2022-09-29,16993.6,17026.05,16788.6,16818.1,340034380,24758.63
2022-09-30,16798.05,17187.1,16747.7,17094.35,380204763,26205.63
2022-10-03,17102.1,17114.65,16855.55,16887.35,285850587,21860.54
2022-10-04,17147.45,17287.3,17117.3,17274.3,231601639,18480.43
2022-10-06,17379.25,17428.8,17315.65,17331.8,268239320,20404.46
2022-10-07,17287.2,17337.35,17216.95,17314.65,216273136,17043.26
2022-10-10,17094.35,17280.15,17064.7,17241.0,234005512,16220.67
2022-10-11,17256.05,17261.8,16950.3,16983.55,282617982,22178.37
2022-10-12,17025.55,17142.35,16960.05,17123.6,256037322,18098.41
2022-10-13,17087.35,17112.35,16956.95,17014.35,266438674,18189.64
2022-10-14,17322.3,17348.55,17169.75,17185.7,226997138,17813.47
2022-10-17,17144.8,17328.55,17098.55,17311.8,212223419,16887.83
2022-10-18,17438.75,17527.8,17434.05,17486.95,239493630,18224.95
2022-10-19,17568.15,17607.6,17472.85,17512.25,210480869,17200.79
2022-10-20,17423.1,17584.15,17421.0,17563.95,249604832,18345.6
2022-10-21,17622.85,17670.15,17520.75,17576.3,277702680,23547.38
2022-10-24,17736.35,17777.55,17707.4,17730.75,45029477,3772.49
2022-10-25,17808.3,17811.5,17637.0,17656.35,251358203,20338.32
2022-10-27,17771.4,17783.9,17654.5,17736.95,324649088,24166.3
2022-10-28,17756.4,17838.9,17723.7,17786.8,250030113,19099.59
2022-10-31,17910.2,18022.8,17899.9,18012.2,227174539,19846.47
2022-11-01,18130.7,18175.8,18060.15,18145.4,349924808,26796.59
2022-11-02,18177.9,18178.75,18048.65,18082.85,270878019,20072.62
2022-11-03,17968.35,18106.3,17959.2,18052.7,212968291,16037.78
2022-11-04,18053.4,18135.1,18017.15,18117.15,267941526,21062.54
2022-11-07,18211.75,18255.5,18064.75,18202.8,314758398,25124.84
2022-11-09,18288.25,18296.4,18117.5,18157.0,307155149,23344.58
2022-11-10,18044.35,18103.1,17969.4,18028.2,256451785,19848.06
2022-11-11,18272.35,18362.3,18259.35,18349.7,378469072,30732.11
2022-11-14,18376.4,18399.45,18311.4,18329.15,301401961,21697.66
2022-11-15,18362.75,18427.95,18282.0,18403.4,250926391,17836.19
2022-11-16,18398.25,18442.15,18344.15,18409.65,219268992,19732.87
2022-11-21,18246.4,18262.3,18133.35,18159.95,213794598,15037.5
2022-11-22,18179.15,18261.85,18137.7,18244.2,177681099,14750.98
2022-11-23,18325.2,18325.4,18246.0,18267.25,178791087,15674.45
2022-11-24,18326.1,18529.7,18294.25,18484.1,204044559,18218.35
2022-11-25,18528.45,18534.9,18445.1,18512.75,205876043,17112.8
2022-11-28,18430.55,18614.25,18365.6,18562.75,206468884,19006.92
2022-11-29,18552.45,18678.1,18552.15,18618.05,195255179,16568.17
2022-11-30,18625.7,18816.05,18616.55,18758.35,345636288,32757.21
2022-12-01,18871.95,18887.6,18778.2,18812.5,324955829,22216.65
2022-12-02,18752.4,18781.95,18639.2,18696.1,254401004,20233.76
2022-12-05,18719.55,18728.6,18591.35,18701.05,288393766,19471.83
2022-12-06,18600.65,18654.9,18577.9,18642.75,217777090,17772.27
2022-12-07,18638.85,18668.3,18528.4,18560.5,200501720,17496.8
2022-12-08,18570.85,18625.0,18536.95,18609.35,202811256,19277.65
2022-12-09,18662.4,18664.7,18410.1,18496.6,215839572,20317.78
2022-12-12,18402.15,18521.55,18345.7,18497.15,193883468,16688.2
2022-12-13,18524.4,18617.25,18490.2,18608.0,187585567,16536.17
2022-12-14,18671.25,18696.1,18632.9,18660.3,208030337,16626.0
2022-12-15,18614.4,18652.9,18387.7,18414.9,183127544,15618.55
2022-12-16,18319.1,18440.95,18255.15,18269.0,277650193,23292.95
2022-12-19,18288.1,18431.65,18244.55,18420.45,154847475,14455.23
2022-12-20,18340.3,18404.9,18202.65,18385.3,169041783,15038.56
2022-12-21,18435.15,18473.35,18162.75,18199.1,187594274,17223.44
2022-12-22,18288.8,18318.75,18068.6,18127.35,195699650,16725.23
2022-12-23,17977.65,18050.45,17779.5,17806.8,221454773,18486.94
2022-12-26,17830.4,18084.1,17774.25,18014.6,176652342,13708.21
2022-12-27,18089.8,18149.25,17967.45,18132.3,214257094,13000.64
2022-12-28,18084.75,18173.1,18068.35,18122.5,193873167,13997.59
2022-12-29,18045.7,18229.7,17992.8,18191.0,281052828,18466.05
2022-12-30,18259.1,18265.25,18080.3,18105.3,192005563,14475.22
2023-01-02,18131.7,18215.15,18086.5,18197.45,256073979,11793.06
2023-01-03,18163.2,18251.95,18149.8,18232.55,208699772,13680.91
2023-01-04,18230.65,18243.0,18020.6,18042.95,235162202,16687.71
2023-01-05,18101.95,18120.3,17892.6,17992.15,269949738,22108.53
2023-01-06,18008.05,18047.4,17795.55,17859.45,238220578,17495.25
2023-01-09,17952.55,18141.4,17936.15,18101.2,257237669,19916.16
2023-01-10,18121.3,18127.6,17856.0,17914.15,283277918,20570.3
2023-01-11,17924.25,17976.35,17824.35,17895.7,259853294,20204.33
2023-01-12,17920.85,17945.8,17761.65,17858.2,227769060,19762.43
2023-01-13,17867.5,17999.35,17774.25,17956.6,256700729,21341.7
2023-01-16,18033.15,18049.65,17853.65,17894.85,206195816,16728.37
2023-01-17,17922.8,18072.05,17886.95,18053.3,219055125,17461.09
2023-01-18,18074.3,18183.75,18032.45,18165.35,255840928,20500.07
2023-01-19,18119.8,18155.2,18063.75,18107.85,237833991,18413.13
2023-01-20,18115.6,18145.45,18016.2,18027.65,237225269,19519.96
2023-01-23,18118.45,18162.6,18063.45,18118.55,202460434,17060.12
2023-01-24,18183.95,18201.25,18078.65,18118.3,216910302,19705.91
2023-01-25,18093.35,18100.6,17846.15,17891.95,257227052,20890.56
2023-01-27,17877.2,17884.75,17493.55,17604.35,476342611,40104.83
2023-01-30,17541.95,17709.15,17405.55,17648.95,432434028,38159.88
2023-01-31,17731.45,17735.7,17537.55,17662.15,398338541,35023.7
2023-02-01,17811.6,17972.2,17353.4,17616.3,512870802,38486.19
2023-02-02,17517.1,17653.9,17445.95,17610.4,490113567,37639.96
2023-02-03,17721.75,17870.3,17584.2,17854.05,424123037,34503.67
2023-02-06,17818.55,17823.7,17698.35,17764.6,282544790,21864.88
2023-02-07,17790.1,17811.15,17652.55,17721.5,354395693,23611.08
2023-02-08,17750.3,17898.7,17744.15,17871.7,290994265,23733.4
2023-02-09,17885.5,17916.9,17779.8,17893.45,260854055,21529.97
2023-02-10,17847.55,17876.95,17801.0,17856.5,231991834,17063.99
2023-02-13,17859.1,17880.7,17719.75,17770.9,231276483,17406.31
2023-02-14,17840.35,17954.55,17800.05,17929.85,244512944,20579.8
2023-02-15,17896.6,18034.1,17853.8,18015.85,229273800,21457.34
2023-02-16,18094.75,18134.75,18000.65,18035.85,230246175,18891.55
2023-02-17,17974.85,18034.25,17884.6,17944.2,208053929,16998.33
2023-02-20,17965.55,18004.35,17818.4,17844.6,174563233,14729.07
2023-02-21,17905.8,17924.9,17800.3,17826.7,198248205,15593.09
2023-02-22,17755.35,17772.5,17529.45,17554.3,204021979,17162.09
2023-02-23,17574.65,17620.05,17455.4,17511.25,240807918,19313.68
2023-02-24,17591.35,17599.75,17421.8,17465.8,209406363,16100.18
2023-02-27,17428.6,17451.6,17299.0,17392.7,246448847,16638.41
2023-02-28,17383.25,17440.45,17255.2,17303.95,420881259,32959.77
2023-03-01,17360.1,17467.75,17345.25,17450.9,272881409,19784.53
2023-03-02,17421.5,17445.8,17306.0,17321.9,310669094,22068.68
2023-03-03,17451.25,17644.75,17427.7,17594.35,356169518,24143.96
2023-03-06,17680.35,17799.95,17671.95,17711.45,362801096,26959.41
2023-03-08,17665.75,17766.5,17602.25,17754.4,267041402,23155.56
2023-03-09,17772.05,17772.35,17573.6,17589.6,262352056,21964.17
2023-03-10,17443.8,17451.5,17324.35,17412.9,235927570,19794.73
2023-03-13,17421.9,17529.9,17113.45,17154.3,254914657,22860.67
2023-03-14,17160.55,17224.65,16987.1,17043.3,290604200,26057.6
2023-03-15,17166.45,17211.35,16938.9,16972.15,248188970,22659.09
2023-03-16,16994.65,17062.45,16850.15,16985.6,349820607,24198.71
2023-03-17,17111.8,17145.8,16958.15,17100.05,408121255,30478.42
2023-03-20,17066.6,17066.6,16828.35,16988.4,241777405,21454.09
2023-03-21,17060.4,17127.7,17016.0,17107.5,246737873,22039.11
2023-03-22,17177.45,17207.25,17107.85,17151.9,185700457,15712.0
2023-03-23,17097.4,17205.4,17045.3,17076.9,219171517,19676.97
2023-03-24,17076.2,17109.45,16917.35,16945.05,228038299,19019.88
2023-03-27,16984.3,17091.0,16918.55,16985.7,218418670,18466.56
2023-03-28,17031.75,17061.75,16913.75,16951.7,238840919,20942.5
2023-03-29,16977.3,17126.15,16940.6,17080.7,345911087,27261.74
2023-03-31,17210.35,17381.6,17204.65,17359.75,263889033,24970.98
2023-04-03,17427.95,17428.05,17312.75,17398.05,230170687,20359.58
2023-04-05,17422.3,17570.55,17402.7,17557.05,248345193,23911.75
2023-04-06,17533.85,17638.7,17502.85,17599.15,242708337,23543.21
2023-04-10,17634.9,17694.1,17597.95,17624.05,254819382,21092.06
2023-04-11,17704.8,17748.75,17655.15,17722.3,304263454,25841.64
2023-04-12,17759.55,17825.75,17717.25,17812.4,232816318,22851.93
2023-04-13,17807.3,17842.15,17729.65,17828.0,285764798,26460.2
2023-04-17,17863.0,17863.0,17574.05,17706.85,357401212,35118.57
2023-04-18,17766.6,17766.6,17610.2,17660.15,258856690,23032.99
2023-04-19,17653.35,17666.15,17579.85,17618.75,281463379,21562.08
2023-04-20,17638.6,17684.45,17584.35,17624.45,215103396,19457.45
2023-04-21,17639.75,17663.2,17553.95,17624.05,230156645,19091.44
2023-04-24,17707.55,17754.5,17612.5,17743.4,255740393,23142.94
2023-04-25,17761.55,17807.45,17716.85,17769.25,297445999,28819.53
2023-04-26,17767.3,17827.75,17711.2,17813.6,233008677,21295.14
2023-04-27,17813.1,17931.6,17797.9,17915.05,241434660,24454.15
2023-04-28,17950.4,18089.15,17885.3,18065.0,290263674,27026.12
2023-05-02,18124.8,18180.25,18101.75,18147.65,265216308,23615.47
2023-05-03,18113.8,18116.35,18042.4,18089.85,226171254,19079.79
2023-05-04,18081.0,18267.45,18066.7,18255.8,226643581,21889.48
2023-05-05,18117.3,18216.95,18055.45,18069.0,239702311,26152.88
2023-05-08,18120.6,18286.95,18100.3,18264.4,228399379,22687.94
2023-05-09,18303.4,18344.2,18229.65,18265.95,245368649,23478.06
2023-05-10,18313.6,18326.75,18211.95,18315.1,220450874,21416.41
2023-05-11,18357.8,18389.7,18270.4,18297.0,248932544,26440.1
2023-05-12,18273.75,18342.75,18194.55,18314.8,241702589,22046.04
2023-05-15,18339.3,18458.9,18287.9,18398.85,216088535,19329.75
2023-05-16,18432.35,18432.35,18264.35,18286.5,219490491,21063.78
2023-05-17,18300.45,18309.0,18115.35,18181.75,229898510,20903.12
2023-05-18,18287.5,18297.2,18104.85,18129.95,272103515,24172.44
2023-05-19,18186.15,18218.1,18060.4,18203.4,260898407,22105.67
2023-05-22,18201.1,18335.25,18178.85,18314.4,262560942,25147.58
2023-05-23,18362.9,18419.75,18324.2,18348.0,270354216,28648.15
2023-05-24,18294.8,18392.6,18262.95,18285.4,232621507,24273.17
2023-05-25,18268.9,18338.1,18202.4,18321.15,235915651,22411.41
2023-05-26,18368.35,18508.55,18333.15,18499.35,198668359,19094.08
2023-05-29,18619.15,18641.2,18581.25,18598.65,265323978,19237.57
2023-05-30,18606.65,18662.45,18575.5,18633.85,234391323,21660.69
2023-05-31,18594.2,18603.9,18483.85,18534.4,696495765,70755.08
2023-06-01,18579.4,18580.3,18464.55,18487.75,265630759,24056.99
2023-06-02,18550.85,18573.7,18478.4,18534.1,270923679,23171.88
2023-06-05,18612.0,18640.15,18582.8,18593.85,256111496,20369.16
2023-06-06,18600.8,18622.75,18531.6,18599.0,220789926,21957.47
2023-06-07,18665.6,18738.95,18636.0,18726.4,260109671,21482.77
2023-06-08,18725.35,18777.9,18615.6,18634.55,286468927,22762.3
2023-06-09,18655.9,18676.65,18555.4,18563.4,221760885,20181.42
2023-06-12,18595.05,18633.6,18559.75,18601.5,179463966,15386.04
2023-06-13,18631.8,18728.9,18631.8,18716.15,233167883,22612.62
2023-06-14,18744.6,18769.7,18690.0,18755.9,261354575,19520.08
2023-06-15,18774.45,18794.1,18669.05,18688.1,263004991,24820.77
2023-06-16,18723.3,18864.7,18710.5,18826.0,272771256,28877.67
2023-06-19,18873.3,18881.45,18719.15,18755.45,219815214,22699.84
2023-06-20,18752.35,18839.7,18660.65,18816.7,211649257,19687.08
2023-06-21,18849.4,18875.9,18794.85,18856.85,217481345,19102.48
2023-06-22,18853.6,18886.6,18759.5,18771.25,252697871,24990.87
2023-06-23,18741.85,18756.4,18647.1,18665.5,210562119,20619.6
2023-06-26,18682.35,18722.05,18646.7,18691.2,171271325,17355.14
2023-06-27,18748.55,18829.25,18714.25,18817.4,222464605,21415.89
2023-06-28,18908.15,19011.25,18861.35,18972.1,398782019,37356.94
2023-06-30,19076.85,19201.7,19024.6,19189.05,247906587,26376.62
2023-07-03,19246.5,19345.1,19234.4,19322.55,226050219,22681.54
2023-07-04,19406.6,19434.15,19300.0,19389.0,226916635,26634.06
2023-07-05,19405.95,19421.6,19339.6,19398.5,224418797,24699.24
2023-07-06,19385.7,19512.2,19373.0,19497.3,268261285,28540.18
2023-07-07,19422.8,19523.6,19303.6,19331.8,237102566,23089.25
2023-07-10,19400.35,19435.85,19327.1,19355.9,268246132,25991.55
2023-07-11,19427.1,19515.1,19406.45,19439.4,251263638,26883.78
2023-07-12,19497.45,19507.7,19361.75,19384.3,327941559,40163.14
2023-07-13,19495.2,19567.0,19385.8,19413.75,310442517,27244.56
2023-07-14,19493.45,19595.35,19433.5,19564.5,291165841,25484.44
2023-07-17,19612.15,19731.85,19562.95,19711.45,268707894,25975.57
2023-07-18,19787.5,19819.45,19690.2,19749.25,286353897,33269.08
2023-07-19,19802.95,19851.7,19727.45,19833.15,259660464,26447.9
2023-07-20,19831.7,19991.85,19758.4,19979.15,274698867,30622.66
2023-07-21,19800.45,19887.4,19700.0,19745.0,312461795,33802.14
2023-07-24,19748.45,19782.75,19658.3,19672.35,265562151,24522.29
2023-07-25,19729.35,19729.35,19615.95,19680.6,369653496,29665.67
2023-07-26,19733.35,19825.6,19716.7,19778.3,244747425,23023.86
2023-07-27,19850.9,19867.55,19603.55,19659.9,334891351,35019.13
2023-07-28,19659.75,19695.9,19563.1,19646.05,258671382,22995.98
2023-07-31,19666.35,19772.75,19597.6,19753.8,295053318,23075.38
2023-08-01,19784.0,19795.6,19704.6,19733.55,298048161,24554.71
2023-08-02,19655.4,19678.25,19423.55,19526.55,290666798,23997.47
2023-08-03,19463.75,19537.65,19296.45,19381.65,315688612,29899.38
2023-08-04,19462.8,19538.85,19436.45,19517.0,280799561,28086.15
2023-08-07,19576.85,19620.45,19524.8,19597.3,216586074,21655.87
2023-08-08,19627.2,19634.4,19533.1,19570.85,260294052,25437.47
2023-08-09,19578.8,19645.5,19467.5,19632.55,266495074,23201.75
2023-08-10,19605.55,19623.6,19495.4,19543.1,312193785,29430.34
2023-08-11,19554.25,19557.75,19412.75,19428.3,235524048,24521.24
2023-08-14,19383.95,19465.85,19257.9,19434.55,243850815,22767.43
2023-08-16,19369.0,19482.75,19317.2,19465.0,226627230,21484.66
2023-08-17,19450.55,19461.55,19326.25,19365.25,268663456,26505.65
2023-08-18,19301.75,19373.8,19253.6,19310.15,256142364,25641.41
2023-08-21,19320.65,19425.95,19296.3,19393.6,262589133,20738.75
2023-08-22,19417.1,19443.5,19381.3,19396.45,208704354,20226.48
2023-08-23,19439.2,19472.05,19366.6,19444.0,225214991,20167.16
2023-08-24,19535.15,19584.45,19369.0,19386.7,268256859,24338.24
2023-08-25,19297.4,19339.55,19229.7,19265.8,466518217,24998.12
2023-08-28,19298.35,19366.85,19249.7,19306.05,248178769,18237.22
2023-08-29,19374.85,19377.9,19309.1,19342.65,307388116,22501.12
2023-08-30,19433.45,19452.8,19334.75,19347.45,233004568,19877.49
2023-08-31,19375.55,19388.2,19223.65,19253.8,562557215,45699.54
2023-09-01,19258.15,19458.55,19255.7,19435.3,372502191,25962.38
2023-09-04,19525.05,19545.15,19432.85,19528.8,396071122,24822.79
2023-09-05,19564.65,19587.05,19525.75,19574.9,303958622,24029.89
2023-09-06,19581.2,19636.45,19491.5,19611.05,512974083,32500.52
2023-09-07,19598.65,19737.0,19550.05,19727.05,304929822,23591.0
2023-09-08,19774.8,19867.15,19727.05,19819.95,288093693,23530.84
2023-09-11,19890.0,20008.15,19865.35,19996.35,248763130,21924.34
2023-09-12,20110.15,20110.35,19914.65,19993.2,328064239,30110.8
2023-09-13,19989.5,20096.9,19944.1,20070.0,251394599,24332.36
2023-09-14,20127.95,20167.65,20043.45,20103.1,275111881,21902.65
2023-09-15,20156.45,20222.45,20129.7,20192.35,438185104,42681.35
2023-09-18,20155.95,20195.35,20115.7,20133.3,264870758,21135.95
2023-09-20,19980.75,20050.65,19878.85,19901.4,378065882,37351.58
2023-09-21,19840.55,19848.75,19709.95,19742.35,275132260,26711.83
2023-09-22,19744.85,19798.65,19657.5,19674.25,246410075,24137.57
2023-09-25,19678.2,19734.15,19601.55,19674.55,188398392,20194.48
2023-09-26,19682.8,19699.35,19637.45,19664.7,204869058,18118.19
2023-09-27,19637.05,19730.7,19554.0,19716.45,203559874,19659.17
2023-09-28,19761.8,19766.65,19492.1,19523.55,352810261,30069.78
2023-09-29,19581.2,19726.25,19551.05,19638.3,243508919,20978.72
2023-10-03,19622.4,19623.2,19479.65,19528.75,221719625,21459.58
2023-10-04,19446.3,19457.8,19333.6,19436.1,277148310,26017.47
2023-10-05,19521.85,19576.95,19487.3,19545.75,234865323,22019.04
2023-10-06,19621.2,19675.75,19589.4,19653.5,159051277,16096.52
2023-10-09,19539.45,19588.95,19480.5,19512.35,165094800,15499.67
2023-10-10,19565.6,19717.8,19565.45,19689.85,216559447,18735.62
2023-10-11,19767.0,19839.2,19756.95,19811.35,213729730,19900.99
2023-10-12,19822.7,19843.3,19772.65,19794.0,217904144,20999.94
2023-10-13,19654.55,19805.4,19635.3,19751.05,254955979,24363.02
2023-10-16,19737.25,19781.3,19691.85,19731.75,180964341,14746.01
2023-10-17,19843.2,19849.75,19775.65,19811.5,185846716,16839.87
2023-10-18,19820.45,19840.95,19659.95,19671.1,198942937,18581.64
2023-10-19,19545.2,19681.8,19512.35,19624.7,230312163,23582.01
2023-10-20,19542.15,19593.8,19518.7,19542.65,198341255,17944.31
2023-10-23,19521.6,19556.85,19257.85,19281.75,176044288,16212.9
2023-10-25,19286.45,19347.3,19074.15,19122.15,225291741,19818.32
2023-10-26,19027.25,19041.7,18837.85,18857.25,300356469,28939.64
2023-10-27,18928.75,19076.15,18926.65,19047.25,205201044,19947.48
2023-10-30,19053.4,19158.5,18940.0,19140.9,180132492,17095.73
2023-10-31,19232.95,19233.7,19056.45,19079.6,206049341,19397.36
2023-11-01,19064.05,19096.05,18973.7,18989.15,194103279,18452.51
2023-11-02,19120.0,19175.25,19064.15,19133.25,245595109,19771.49
2023-11-03,19241.0,19276.25,19210.9,19230.6,189516123,17304.87
2023-11-06,19345.85,19423.0,19309.7,19411.75,180690631,16296.56
2023-11-07,19404.05,19423.5,19329.1,19406.7,198660124,18288.06
2023-11-08,19449.6,19464.4,19401.5,19443.5,194967997,17060.45
2023-11-09,19457.4,19463.9,19378.35,19395.3,208418472,19087.29
2023-11-10,19351.85,19451.3,19329.45,19425.35,152215785,12916.21
2023-11-12,19547.25,19547.25,19510.25,19525.55,37311902,2482.27
2023-11-13,19486.75,19494.4,19414.75,19443.55,189275733,13527.22
2023-11-15,19651.4,19693.2,19579.65,19675.45,291464988,24957.24
2023-11-16,19674.7,19875.25,19627.0,19765.2,282686669,26041.45
2023-11-17,19674.75,19806.0,19667.45,19731.8,236827462,21681.28
2023-11-20,19731.15,19756.45,19670.5,19694.0,173780543,16737.05
2023-11-21,19770.9,19829.1,19754.05,19783.4,194969012,17947.2
2023-11-22,19784.0,19825.55,19703.85,19811.85,184497984,17405.48
2023-11-23,19828.45,19875.15,19786.75,19802.0,170024085,15906.94
2023-11-24,19809.6,19832.85,19768.85,19794.7,145895044,14389.29
2023-11-28,19844.65,19916.85,19800.0,19889.7,229595031,23043.25
2023-11-29,19976.55,20104.65,19956.3,20096.6,236241768,22367.64
2023-11-30,20108.5,20158.7,20015.85,20133.15,486585349,48877.95
2023-12-01,20194.1,20291.55,20183.7,20267.9,265812566,22461.53
2023-12-04,20601.95,20702.65,20507.75,20686.8,381107418,33917.52
2023-12-05,20808.9,20864.05,20711.15,20855.1,421008350,41763.52
2023-12-06,20950.75,20961.95,20852.15,20937.7,359212958,35654.76
2023-12-07,20932.4,20941.25,20850.8,20901.15,274985308,24862.43
2023-12-08,20934.1,21006.1,20862.7,20969.4,292440768,27449.96
2023-12-11,20965.3,21026.1,20923.7,20997.1,212921451,21150.17
2023-12-12,21018.55,21037.9,20867.15,20906.4,244867128,25404.64
2023-12-13,20929.75,20950.0,20769.5,20926.35,260269318,25918.44
2023-12-14,21110.4,21210.9,21074.45,21182.7,334410589,32593.42
2023-12-15,21287.45,21492.3,21235.3,21456.65,508761756,50114.46
2023-12-18,21434.8,21482.8,21365.35,21418.65,249668965,23615.28
2023-12-19,21477.65,21505.05,21337.75,21453.1,249750062,23750.61
2023-12-20,21543.5,21593.0,21087.35,21150.15,363886229,30993.12
2023-12-21,21033.95,21288.35,20976.8,21255.05,277548079,26001.02
2023-12-22,21295.85,21390.5,21232.45,21349.4,284708918,27709.29
2023-12-26,21365.2,21477.15,21329.45,21441.35,219467748,20081.33
2023-12-27,21497.65,21675.75,21495.8,21654.75,256542963,23059.25
2023-12-28,21715.0,21801.45,21678.0,21778.7,393080755,35031.0
2023-12-29,21737.65,21770.3,21676.9,21731.4,270922276,23697.88
2024-01-01,21727.75,21834.35,21680.85,21741.9,153995217,14184.09
2024-01-02,21751.35,21755.6,21555.65,21665.8,263711568,25316.13
2024-01-03,21661.1,21677.0,21500.35,21517.35,311933117,32329.23
2024-01-04,21605.8,21685.65,21564.55,21658.6,339172697,30868.15
2024-01-05,21705.75,21749.6,21629.2,21710.8,309303266,26554.49
2024-01-08,21747.6,21763.95,21492.9,21513.0,231452935,21140.94
2024-01-09,21653.6,21724.45,21517.85,21544.85,228568589,24055.74
2024-01-10,21529.3,21641.85,21448.65,21618.7,216991926,20958.96
2024-01-11,21688.0,21726.5,21593.75,21647.2,212453866,23492.12
2024-01-12,21773.55,21928.25,21715.15,21894.55,294678459,30565.5
2024-01-15,22053.15,22115.55,21963.55,22097.45,345543523,29523.15
2024-01-16,22080.5,22124.15,21969.8,22032.3,292433764,24435.94
2024-01-17,21647.25,21851.5,21550.45,21571.95,455999867,47533.44
2024-01-18,21414.2,21539.4,21285.55,21462.25,387341268,39718.84
2024-01-19,21615.2,21670.6,21575.0,21622.4,343055124,34429.24
2024-01-20,21706.15,21720.3,21541.8,21571.8,162073740,13917.46
2024-01-23,21716.7,21750.25,21192.6,21238.8,449718534,48813.68
2024-01-24,21185.25,21482.35,21137.2,21453.95,407460664,41718.64
2024-01-25,21454.6,21459.0,21247.05,21352.6,418143077,40088.5
2024-01-29,21433.1,21763.25,21429.6,21737.6,376702289,34516.42
2024-01-30,21775.75,21813.05,21501.8,21522.1,375137333,32916.3
2024-01-31,21487.25,21741.35,21448.85,21725.7,410583065,41587.85
2024-02-01,21780.65,21832.95,21658.75,21697.45,332541208,34042.15
2024-02-02,21812.75,22126.8,21805.55,21853.8,442794738,38395.9
2024-02-05,21921.05,21964.3,21726.95,21771.7,440849699,33807.94
2024-02-06,21825.2,21951.4,21737.55,21929.4,370968111,32910.82
2024-02-07,22045.05,22053.3,21860.15,21930.5,346263704,30088.76
2024-02-08,22009.65,22011.05,21665.3,21717.95,491069786,41082.02
2024-02-09,21727.0,21804.45,21629.9,21782.5,349222850,31176.16
2024-02-12,21800.8,21831.7,21574.75,21616.05,287436165,23921.14
2024-02-13,21664.3,21766.8,21543.35,21743.25,365785766,29896.62
2024-02-14,21578.15,21870.85,21530.2,21840.05,359120861,32535.0
2024-02-15,21906.55,21953.85,21794.8,21910.75,345394395,29559.69
2024-02-16,22020.3,22068.65,21968.95,22040.7,343892935,30666.89
2024-02-19,22103.45,22186.65,22021.05,22122.25,218252325,21375.71
2024-02-20,22099.2,22215.6,22045.85,22196.95,295705319,26872.32
2024-02-21,22248.85,22249.4,21997.95,22055.05,364545679,29741.39
2024-02-22,22081.55,22252.5,21875.25,22217.45,343495136,33985.94
2024-02-23,22290.0,22297.5,22186.1,22212.7,225983194,24617.01
2024-02-26,22169.2,22202.15,22075.15,22122.05,207775504,20850.26
2024-02-27,22090.2,22218.25,22085.65,22198.35,252199186,24620.71
2024-02-28,22214.1,22229.15,21915.85,21951.15,202952371,20579.8
2024-02-29,21935.2,22060.55,21860.65,21982.8,360165824,40196.12
2024-03-01,22048.3,22353.3,22047.75,22338.75,351503075,29646.47
2024-03-04,22403.5,22440.9,22358.3,22405.6,298794435,23771.71
2024-03-05,22371.25,22416.9,22269.15,22356.3,296153036,29165.37
2024-03-06,22327.5,22497.2,22224.35,22474.05,312262560,31029.01
2024-03-07,22505.3,22525.65,22430.0,22493.55,379865142,33558.46
2024-03-11,22517.5,22526.6,22307.25,22332.65,277897373,27222.37
2024-03-12,22334.45,22452.55,22256.0,22335.7,299201167,29781.12
2024-03-13,22432.2,22446.75,21905.65,21997.7,493341697,40109.23
2024-03-14,21982.55,22204.6,21917.5,22146.65,426742460,37348.3
2024-03-15,22064.85,22120.9,21931.7,22023.35,661460455,60260.88
2024-03-18,21990.1,22123.7,21916.55,22055.7,356321519,23015.51
2024-03-19,21946.45,21978.3,21793.1,21817.45,344157465,30291.6
2024-03-20,21843.9,21930.9,21710.2,21839.1,312414696,28939.85
2024-03-21,21989.9,22080.95,21941.3,22011.95,353172434,31258.4
2024-03-22,21932.2,22180.7,21883.3,22096.75,388656439,39023.19
2024-03-26,21947.9,22073.2,21947.55,22004.7,328403719,33382.08
2024-03-27,22053.95,22193.6,22052.85,22123.65,409136866,38830.73
2024-03-28,22163.6,22516.0,22163.6,22326.9,407422815,45656.57
2024-04-01,22455.0,22529.95,22427.75,22462.0,243637071,21420.69
2024-04-02,22458.8,22497.6,22388.15,22453.3,289524237,27940.93
2024-04-03,22385.7,22521.1,22346.5,22434.65,309647491,30793.28
2024-04-04,22592.1,22619.0,22303.8,22514.65,400986156,40705.56
2024-04-05,22486.4,22537.6,22427.6,22513.7,242244731,24797.82
2024-04-08,22578.35,22697.3,22550.35,22666.3,227633561,22480.2
2024-04-09,22765.1,22768.4,22612.25,22642.75,232356772,21651.69
2024-04-10,22720.25,22775.7,22673.7,22753.8,276847931,25355.05
2024-04-12,22677.4,22726.45,22503.75,22519.4,357187778,36456.91
2024-04-15,22339.05,22427.45,22259.55,22272.5,355465814,29474.59
2024-04-16,22125.3,22213.75,22079.45,22147.9,317267066,28661.04
2024-04-18,22212.35,22326.5,21961.7,21995.85,456906707,43314.67
2024-04-19,21861.5,22179.55,21777.65,22147.0,362530569,36073.63
2024-04-22,22336.9,22375.65,22198.15,22336.4,279259571,26841.2
2024-04-23,22447.05,22447.55,22349.45,22368.0,231520813,25651.64
2024-04-24,22421.55,22476.45,22384.0,22402.4,235898642,21925.6
2024-04-25,22316.9,22625.95,22305.25,22570.35,475044740,53803.8
2024-04-26,22620.4,22620.4,22385.55,22419.95,329887340,36984.89
2024-04-29,22475.55,22655.8,22441.9,22643.4,291957361,32431.45
2024-04-30,22679.65,22783.35,22568.4,22604.85,361859375,38741.7
2024-05-02,22567.85,22710.5,22567.85,22648.2,445909456,43133.31
2024-05-03,22766.35,22794.7,22348.05,22475.85,438060727,44432.55
2024-05-06,22561.6,22588.8,22409.45,22442.7,320255789,33417.53
2024-05-07,22489.75,22499.05,22232.05,22302.5,297815469,31512.26
2024-05-08,22231.2,22368.65,22185.2,22302.5,277438692,29717.33
2024-05-09,22224.8,22307.75,21932.4,21957.5,331327454,37870.88
2024-05-10,21990.95,22131.3,21950.3,22055.2,265804411,28717.71
2024-05-13,22027.95,22131.65,21821.05,22104.05,278186886,29036.08
2024-05-14,22112.9,22270.05,22081.25,22217.85,230238941,23741.66
2024-05-15,22255.6,22297.55,22151.75,22200.55,231935478,23815.79
2024-05-16,22319.2,22432.25,22054.55,22403.85,368945092,38836.11
2024-05-17,22415.25,22502.15,22345.65,22466.1,242654570,27388.67
2024-05-18,22512.85,22520.25,22470.05,22502.0,19064566,1572.77
2024-05-21,22404.55,22591.1,22404.55,22529.05,347591587,30782.35
2024-05-22,22576.6,22629.5,22483.15,22597.8,290345590,28556.14
2024-05-23,22614.1,22993.6,22577.45,22967.65,369767547,39157.65
2024-05-24,22930.75,23026.4,22908.0,22957.1,261927120,27966.99
2024-05-27,23038.95,23110.8,22871.2,22932.45,260006078,27204.54
2024-05-28,22977.15,22998.55,22858.5,22888.15,217890750,23054.65
2024-05-29,22762.75,22825.5,22685.45,22704.7,269932784,27549.09
2024-05-30,22617.45,22705.75,22417.0,22488.65,373374457,32991.46
2024-05-31,22568.1,22653.75,22465.1,22530.7,572122639,67040.32
2024-06-03,23337.9,23338.7,23062.3,23263.9,569425569,56418.25
2024-06-04,23179.5,23179.5,21281.45,21884.5,1006105058,93786.44
2024-06-05,22128.35,22670.4,21791.95,22620.35,638487077,64326.85
2024-06-06,22798.6,22910.15,22642.6,22821.4,480413289,49047.39
2024-06-07,22821.85,23320.2,22789.05,23290.15,473554898,47621.54
2024-06-10,23319.15,23411.9,23227.15,23259.2,304392368,29060.4
2024-06-11,23283.75,23389.45,23206.65,23264.85,305185666,29190.91
2024-06-12,23344.45,23441.95,23295.95,23322.95,295630910,31795.48
2024-06-13,23480.95,23481.05,23353.9,23398.9,268279841,30151.67
2024-06-14,23464.95,23490.4,23334.25,23465.6,223086741,25746.34
2024-06-18,23570.8,23579.05,23499.7,23557.9,272207297,29389.75
2024-06-19,23629.85,23664.0,23412.9,23516.0,328811255,39430.39
2024-06-20,23586.15,23624.0,23442.6,23567.0,280336970,33390.07
2024-06-21,23661.15,23667.1,23398.2,23501.1,609877803,70062.97
2024-06-24,23382.3,23558.1,23350.0,23537.85,239358460,24862.37
2024-06-25,23577.1,23754.15,23562.05,23721.3,298111025,34263.36
2024-06-26,23723.1,23889.9,23670.45,23868.8,287824687,33979.62
2024-06-27,23881.55,24087.45,23805.4,24044.5,515227010,61216.71
2024-06-28,24085.9,24174.0,23985.8,24010.6,354779832,41242.87
2024-07-01,23992.95,24164.0,23992.7,24141.95,242468081,28204.06
2024-07-02,24228.75,24236.35,24056.4,24123.85,309629240,34838.65
2024-07-03,24291.75,24309.15,24207.1,24286.5,289201551,36661.17
2024-07-04,24369.95,24401.0,24281.0,24302.15,251189844,28466.6
2024-07-05,24213.35,24363.0,24168.85,24323.85,298381204,32052.48
2024-07-08,24329.45,24344.6,24240.55,24320.55,266299131,26356.03
2024-07-09,24351.0,24443.6,24331.9,24433.2,250537091,29361.08
2024-07-10,24459.85,24461.05,24141.8,24324.45,292263786,35358.54
2024-07-11,24396.55,24402.65,24193.75,24315.95,306404194,32115.44
2024-07-12,24387.95,24592.2,24331.15,24502.15,325823474,39565.33
2024-07-15,24587.6,24635.05,24522.75,24586.7,305395934,31593.04
2024-07-16,24615.9,24661.25,24587.65,24613.0,283212233,28668.71
2024-07-18,24543.8,24837.75,24504.45,24800.85,350924425,40477.17
2024-07-19,24853.8,24854.8,24508.15,24530.9,343772965,33588.08
2024-07-22,24445.75,24595.2,24362.3,24509.25,324190553,32496.23
2024-07-23,24568.9,24582.55,24074.2,24479.05,436408768,44921.42
2024-07-24,24444.95,24504.25,24307.25,24413.5,366616574,39538.11
2024-07-25,24230.95,24426.15,24210.8,24406.1,391821970,37853.62
2024-07-26,24423.35,24861.15,24410.9,24834.85,383826136,42118.36
2024-07-29,24943.3,24999.75,24774.6,24836.1,354966070,37102.92
2024-07-30,24839.4,24971.75,24798.65,24857.3,384989431,37576.58
2024-07-31,24886.7,24984.6,24856.5,24951.15,333646302,35411.32
2024-08-01,25030.95,25078.3,24956.4,25010.9,431313292,38822.9
2024-08-02,24789.0,24851.9,24686.85,24717.7,345027881,35368.54
2024-08-05,24302.85,24350.05,23893.7,24055.6,486994718,45066.65
2024-08-06,24189.85,24382.6,23960.4,23992.55,312339387,31553.65
2024-08-07,24289.4,24337.7,24184.9,24297.5,317564429,29738.85
2024-08-08,24248.55,24340.5,24079.7,24117.0,311875940,30858.18
2024-08-09,24386.85,24419.75,24311.2,24367.5,215129992,22339.19
2024-08-12,24320.05,24472.8,24212.1,24347.0,279925100,30311.85
2024-08-13,24342.35,24359.95,24116.5,24139.0,239727640,25459.58
2024-08-14,24184.4,24196.5,24099.7,24143.75,303254705,27834.61
2024-08-16,24334.85,24563.9,24204.5,24541.15,271611087,28521.9
2024-08-19,24636.35,24638.8,24522.95,24572.65,243645503,22124.41
2024-08-20,24648.9,24734.3,24607.2,24698.85,238318940,25478.73
2024-08-21,24680.55,24787.95,24654.5,24770.2,257114212,27404.63
2024-08-22,24863.4,24867.35,24784.45,24811.5,220345125,24227.03
2024-08-23,24845.4,24858.4,24771.65,24823.15,206800655,23134.22
2024-08-26,24906.1,25043.8,24874.7,25010.6,210266456,22166.86
2024-08-27,25024.8,25073.1,24973.65,25017.75,223346636,26695.0
2024-08-28,25030.8,25129.6,24964.65,25052.35,220419448,26994.19
2024-08-29,25035.3,25192.9,24998.5,25151.95,353993900,43221.73
2024-08-30,25249.7,25268.35,25199.4,25235.9,638166179,89554.91
2024-09-02,25333.6,25333.65,25235.5,25278.7,222815249,28187.71
2024-09-03,25313.4,25321.7,25235.8,25279.85,212131921,27276.14
2024-09-04,25089.95,25216.0,25083.8,25198.7,253788501,26293.35
2024-09-05,25250.5,25275.45,25127.75,25145.1,222242223,26272.38
2024-09-06,25093.7,25168.75,24801.3,24852.15,311671856,33001.17
2024-09-09,24823.4,24957.5,24753.15,24936.4,254367252,25180.28
2024-09-10,24999.4,25130.5,24896.8,25041.1,251274802,27846.31
2024-09-11,25034.0,25113.7,24885.15,24918.45,279229206,29395.73
2024-09-12,25059.65,25433.35,24941.45,25388.9,380069653,41747.91
2024-09-13,25430.45,25430.5,25292.45,25356.5,250781898,25530.69
2024-09-16,25406.65,25445.7,25336.2,25383.75,168694880,18705.01
2024-09-17,25416.9,25441.65,25352.25,25418.55,215956868,25280.83
2024-09-18,25402.4,25482.2,25285.55,25377.55,215727159,28832.0
2024-09-19,25487.05,25611.95,25376.05,25415.8,314461263,34389.27
2024-09-20,25525.95,25849.25,25426.6,25790.95,533067422,68915.27
2024-09-23,25872.55,25956.0,25847.35,25939.05,209187756,24825.74
2024-09-24,25921.45,26011.55,25886.85,25940.4,384115033,35573.63
2024-09-25,25899.45,26032.8,25871.35,26004.15,278540972,27868.08
2024-09-26,26005.4,26250.9,25998.4,26216.05,370895477,40838.36
2024-09-27,26248.25,26277.35,26151.4,26178.95,490332370,55420.63
2024-09-30,26061.3,26134.7,25794.1,25810.85,375370974,36028.06
2024-10-01,25788.45,25907.6,25739.2,25796.9,247423786,27473.29
2024-10-03,25452.85,25639.45,25230.3,25250.1,423395030,45689.5
2024-10-04,25181.9,25485.05,24966.8,25014.6,374914801,42719.71
2024-10-07,25084.1,25143.0,24694.35,24795.75,374345795,40550.24
2024-10-08,24832.2,25044.0,24756.8,25013.15,333220055,33493.36
2024-10-09,25065.8,25234.05,24947.7,24981.95,290562844,30877.63
2024-10-10,25067.05,25134.05,24979.4,24998.45,261364749,28046.45
2024-10-11,24985.3,25028.65,24920.05,24964.25,210462717,21734.97
2024-10-14,25023.45,25159.75,25017.5,25127.95,206423311,21270.9
2024-10-15,25186.3,25212.05,25008.15,25057.35,257228772,29113.88
2024-10-16,25008.55,25093.4,24908.45,24971.3,226774456,24115.83
2024-10-17,25027.4,25029.5,24728.9,24749.85,252755662,32606.34
2024-10-18,24664.95,24886.2,24567.65,24854.05,290855392,31772.76
2024-10-21,24956.15,24978.3,24679.6,24781.1,241978957,32207.22
2024-10-22,24798.65,24882.0,24445.8,24472.1,279484697,32801.59
2024-10-23,24378.15,24604.25,24378.1,24435.5,284556771,31928.1
2024-10-24,24412.7,24480.65,24341.2,24399.4,216686434,27817.66
2024-10-25,24418.05,24440.25,24073.9,24180.8,372642214,37068.91
2024-10-28,24251.1,24492.6,24134.9,24339.15,278562235,28136.06
2024-10-29,24328.85,24484.5,24140.85,24466.85,332044690,35579.48
2024-10-30,24371.45,24498.2,24307.3,24340.85,285196335,31068.7
2024-10-31,24349.85,24372.45,24172.6,24205.35,287007588,33403.89
2024-11-01,24302.75,24368.25,24280.2,24304.35,38811387,3348.45
2024-11-04,24315.75,24316.75,23816.15,23995.35,285531635,31561.52
2024-11-05,23916.5,24229.05,23842.75,24213.3,289511197,30074.77
2024-11-06,24308.75,24537.6,24204.05,24484.05,351082031,34108.84
2024-11-07,24489.6,24503.35,24179.05,24199.35,322185588,30971.89
2024-11-08,24207.7,24276.15,24066.65,24148.2,298725122,27670.3
2024-11-11,24087.25,24336.8,24004.6,24141.3,273370562,26600.28
2024-11-12,24225.8,24242.0,23839.15,23883.45,255825829,26852.73
2024-11-13,23822.45,23873.6,23509.6,23559.05,304569316,27765.81
2024-11-14,23542.15,23675.9,23484.15,23532.7,257708474,24814.37
2024-11-18,23605.3,23606.8,23350.4,23453.8,263311912,25257.33
2024-11-19,23529.55,23780.65,23464.8,23518.5,297477279,30486.78
2024-11-21,23488.45,23507.3,23263.15,23349.9,420332354,40900.89
2024-11-22,23411.8,23956.1,23359.0,23907.25,367562789,39257.52
2024-11-25,24253.55,24351.55,24135.45,24221.9,687172787,85975.81
2024-11-26,24343.3,24343.3,24125.4,24194.5,230691771,24140.67
2024-11-27,24204.8,24354.55,24145.65,24274.9,295011445,31149.09
2024-11-28,24274.15,24345.75,23873.35,23914.15,366745300,41198.27
2024-11-29,23927.15,24188.45,23927.15,24131.1,282104071,30509.98
2024-12-02,24140.85,24301.7,24008.65,24276.05,220384187,23162.75
2024-12-03,24367.5,24481.35,24280.0,24457.15,339470947,34228.3
2024-12-04,24488.75,24573.2,24366.3,24467.45,348003156,34639.78
2024-12-05,24539.15,24857.75,24295.55,24708.4,361469920,40471.33
2024-12-06,24729.45,24751.05,24620.5,24677.8,226731303,23904.13
2024-12-09,24633.9,24705.0,24580.05,24619.0,248139308,25099.79
2024-12-10,24652.65,24677.8,24510.65,24610.05,261048951,26093.38
2024-12-11,24620.5,24691.75,24583.85,24641.8,187252712,21592.23
2024-12-12,24604.45,24675.25,24527.95,24548.7,266051129,28235.17
2024-12-13,24498.35,24792.3,24180.8,24768.3,310080852,30429.73
2024-12-16,24753.4,24781.25,24601.75,24668.25,187551629,18608.23
2024-12-17,24584.8,24624.1,24303.45,24336.0,264881033,26765.16
2024-12-18,24297.95,24394.45,24149.85,24198.85,235346534,23315.92
2024-12-19,23877.15,24004.9,23870.3,23951.7,271128027,27815.23
2024-12-20,23960.7,24065.8,23537.35,23587.5,442714411,47084.68
2024-12-23,23738.2,23869.55,23647.2,23753.45,189758237,18243.28
2024-12-24,23769.1,23867.65,23685.15,23727.65,177664746,16010.71
2024-12-26,23775.8,23854.5,23653.6,23750.2,177681783,16695.1
2024-12-27,23801.4,23938.85,23800.6,23813.4,176821521,17164.99
2024-12-30,23796.9,23915.35,23599.3,23644.9,364929453,33823.95
2024-12-31,23560.6,23689.85,23460.45,23644.8,193627727,18646.79
2025-01-01,23637.65,23822.8,23562.8,23742.9,154921938,14266.26
2025-01-02,23783.0,24226.7,23751.55,24188.65,283200811,32237.25
2025-01-03,24196.4,24196.45,23976.0,24004.75,312279515,29411.99
2025-01-06,24045.8,24089.95,23551.9,23616.05,278061806,25853.64
2025-01-07,23679.9,23795.2,23637.8,23707.9,262337253,22485.65
2025-01-08,23746.65,23751.85,23496.15,23688.95,266375381,24718.54
2025-01-09,23674.75,23689.5,23503.05,23526.5,269239831,26793.85
2025-01-10,23551.9,23596.6,23344.35,23431.5,261022434,25017.6
2025-01-13,23195.4,23340.95,23047.25,23085.95,316481107,26890.37
2025-01-14,23165.9,23264.95,23134.15,23176.05,311235510,31174.05
2025-01-15,23250.45,23293.65,23146.45,23213.2,228039156,21587.78
2025-01-16,23377.25,23391.65,23272.05,23311.8,299416081,29784.82
2025-01-17,23277.1,23292.1,23100.35,23203.2,272945267,27040.78
2025-01-20,23290.4,23391.1,23170.65,23344.75,301455455,27333.97
2025-01-21,23421.65,23426.3,22976.85,23024.65,312871897,30106.72
2025-01-22,23099.15,23169.55,22981.3,23155.35,275951918,25462.05
2025-01-23,23128.3,23270.8,23090.65,23205.35,275558357,27723.78
2025-01-24,23183.9,23347.3,23050.0,23092.2,264336332,24412.46
2025-01-27,22940.15,23007.45,22786.9,22829.15,257372790,24202.41
2025-01-28,22960.45,23137.95,22857.65,22957.25,361868609,33221.8
2025-01-29,23026.75,23183.35,22976.5,23163.1,251208119,22307.38
2025-01-30,23169.5,23322.05,23139.2,23249.5,384687127,35252.87
2025-01-31,23296.75,23546.8,23277.4,23508.4,326919177,28638.01
2025-02-01,23528.6,23632.45,23318.3,23482.15,287703637,25741.04
2025-02-03,23319.35,23381.6,23222.0,23361.05,347241171,32019.13
2025-02-04,23509.9,23762.75,23423.15,23739.25,376742506,35974.3
2025-02-05,23801.75,23807.3,23680.45,23696.3,267014345,25806.44
2025-02-06,23761.95,23773.55,23556.25,23603.35,306978683,30885.59
2025-02-07,23649.5,23694.5,23443.2,23559.95,368092482,30042.0
2025-02-10,23543.8,23568.6,23316.3,23381.6,225529166,21254.72
2025-02-11,23383.55,23390.05,22986.65,23071.8,267969979,27191.96
2025-02-12,23050.8,23144.7,22798.35,23045.25,279656513,26989.94
2025-02-13,23055.75,23235.5,22992.2,23031.4,265706855,25218.86
2025-02-14,23096.45,23133.7,22774.85,22929.25,254479643,22049.89
2025-02-17,22809.9,22974.2,22725.45,22959.5,207393944,19809.44
2025-02-18,22963.65,22992.5,22801.5,22945.3,210616675,19431.37
2025-02-19,22847.25,23049.95,22814.85,22932.9,206999204,19817.93
2025-02-20,22821.1,22923.85,22812.75,22913.15,240836647,21303.88
2025-02-21,22857.2,22921.0,22720.3,22795.9,242753984,21994.37
2025-02-24,22609.35,22668.05,22518.8,22553.35,214317552,20772.95
2025-02-25,22516.45,22625.3,22513.9,22547.55,250279519,24917.83
2025-02-27,22568.95,22613.3,22508.4,22545.05,289230479,29775.64
2025-02-28,22433.4,22450.35,22104.85,22124.7,551285287,52745.2
2025-03-03,22194.55,22261.55,22004.7,22119.3,282399735,25942.05
2025-03-04,21974.45,22105.05,21964.6,22082.65,253260641,22979.56
2025-03-05,22073.05,22394.9,22067.8,22337.3,305942691,26371.61
2025-03-06,22476.35,22556.45,22245.85,22544.7,372083680,30550.28
2025-03-07,22508.65,22633.8,22464.75,22552.5,289765795,21446.95
2025-03-10,22521.85,22676.75,22429.05,22460.3,293855491,22330.86
2025-03-11,22345.95,22522.1,22314.7,22497.9,347924102,29208.22
2025-03-12,22536.35,22577.4,22329.55,22470.5,369736725,33406.41
2025-03-13,22541.5,22558.05,22377.35,22397.2,287535243,22855.58
2025-03-17,22353.15,22577.0,22353.15,22508.75,251102239,24122.27
2025-03-18,22662.25,22857.8,22599.2,22834.3,272578844,26387.47
2025-03-19,22874.95,22940.7,22807.95,22907.6,323992121,26994.95
2025-03-20,23036.6,23216.7,22973.95,23190.65,313729818,27573.99
2025-03-21,23168.25,23402.7,23132.8,23350.4,540966316,51005.67
2025-03-24,23515.4,23708.75,23433.5,23658.35,311900413,28871.35
2025-03-25,23751.5,23869.6,23601.4,23668.65,338216746,35415.03
2025-03-26,23700.95,23736.5,23451.7,23486.85,278590831,26877.28
2025-03-27,23433.95,23646.45,23412.2,23591.95,510302142,46481.84
2025-03-28,23600.4,23649.2,23450.2,23519.35,387455531,29156.37
2025-04-01,23341.1,23565.15,23136.4,23165.7,375118343,30680.7
2025-04-02,23192.6,23350.0,23158.45,23332.35,340970371,24334.3
2025-04-03,23150.3,23306.5,23145.8,23250.1,283196379,23501.33
2025-04-04,23190.4,23214.7,22857.45,22904.45,466776198,33761.96
2025-04-07,21758.4,22254.0,21743.65,22161.6,647107618,49172.14
2025-04-08,22446.75,22697.2,22270.85,22535.85,468250807,37226.82
2025-04-09,22460.3,22468.7,22353.25,22399.15,383822618,28996.55
2025-04-11,22695.4,22923.9,22695.4,22828.55,402162001,33683.6
2025-04-15,23368.35,23368.35,23207.0,23328.55,388321931,34216.17
2025-04-16,23344.1,23452.2,23273.05,23437.2,348424960,28102.36
2025-04-17,23401.85,23872.35,23298.55,23851.65,505333905,38450.09
2025-04-21,23949.15,24189.55,23903.65,24125.55,406145632,33125.62
2025-04-22,24185.4,24242.6,24072.0,24167.25,440940490,35479.29
2025-04-23,24357.6,24359.3,24119.95,24328.95,415042544,34527.08
2025-04-24,24277.9,24347.85,24216.15,24246.7,358768165,33057.29
2025-04-25,24289.0,24365.45,23847.85,24039.35,387741866,33430.86
2025-04-28,24070.25,24355.1,24054.05,24328.5,320467976,28278.82
2025-04-29,24370.7,24457.65,24290.75,24335.95,357563224,30436.88
2025-04-30,24342.05,24396.15,24198.75,24334.2,424452559,41073.48
2025-05-02,24311.9,24589.15,24238.5,24346.7,421112627,34043.27
2025-05-05,24419.5,24526.4,24400.65,24461.15,291471628,26918.36
2025-05-06,24500.75,24509.65,24331.8,24379.6,302354059,26481.15
2025-05-07,24233.3,24449.6,24220.0,24414.4,330137191,27648.34
2025-05-08,24431.5,24447.25,24150.2,24273.8,411362230,36893.06
2025-05-09,23935.75,24164.25,23935.75,24008.0,335550680,28942.61
2025-05-12,24420.1,24944.8,24378.85,24924.7,368707684,30362.27
2025-05-13,24864.05,24973.8,24547.5,24578.35,422977876,34576.66
2025-05-14,24613.8,24767.55,24535.55,24666.9,345490805,25585.37
2025-05-15,24694.45,25116.25,24494.45,25062.1,500821889,44147.39
2025-05-16,25064.65,25070.0,24953.05,25019.8,432717092,43815.86
2025-05-19,25005.35,25062.95,24916.65,24945.45,255254340,21598.6
2025-05-20,24996.2,25010.35,24669.7,24683.9,414799113,31063.03
2025-05-21,24744.25,24946.2,24685.35,24813.45,332724952,23179.85
2025-05-22,24733.95,24737.5,24462.4,24609.7,403279638,30579.52
2025-05-23,24639.5,24909.05,24614.05,24853.15,270470348,20200.73
2025-05-26,24919.35,25079.2,24900.5,25001.15,302799227,20060.68
2025-05-27,24956.65,25062.9,24704.1,24826.2,525653668,33638.3
2025-05-28,24832.5,24864.25,24737.05,24752.45,684425321,37143.55
2025-05-29,24825.1,24892.6,24677.3,24833.6,345370611,29730.05
2025-05-30,24812.6,24863.95,24717.4,24750.7,853890978,52247.87
2025-06-02,24669.7,24754.4,24526.15,24716.6,311100908,25091.04
2025-06-03,24786.3,24845.1,24502.15,24542.5,349288937,28906.4
2025-06-04,24560.45,24644.25,24530.45,24620.2,280862575,21907.07
2025-06-05,24691.2,24899.85,24613.1,24750.9,388405978,30186.46
2025-06-06,24748.7,25029.5,24671.45,25003.05,335581057,30041.71
2025-06-09,25160.1,25160.1,25077.15,25103.2,279219989,25606.21
2025-06-10,25196.05,25199.3,25055.45,25104.25,307323471,28813.93
2025-06-11,25134.15,25222.4,25081.3,25141.4,301245273,25871.18
2025-06-12,25164.45,25196.2,24825.9,24888.2,328310748,29573.27
2025-06-13,24473.0,24754.35,24473.0,24718.6,318711364,24838.56
2025-06-16,24732.35,24967.1,24703.6,24946.5,305813047,23857.15
2025-06-17,24977.85,24982.05,24813.7,24853.4,242415740,21818.05
2025-06-18,24788.35,24947.55,24750.45,24812.05,237599011,22044.05
2025-06-19,24803.25,24863.1,24733.4,24793.25,274619935,23620.79
2025-06-20,24787.65,25136.2,24783.65,25112.4,574654035,55782.03
2025-06-23,24939.75,25057.0,24824.85,24971.9,248534153,20797.88
2025-06-24,25179.9,25317.7,24999.7,25044.35,450185468,35508.9
2025-06-25,25150.35,25266.8,25125.05,25244.75,260582584,22985.17
2025-06-26,25268.95,25565.3,25259.9,25549.0,428891818,38689.39
2025-06-27,25576.65,25654.2,25523.55,25637.8,563957748,47108.6
2025-06-30,25661.65,25669.35,25473.3,25517.05,270981274,24673.48
2025-07-01,25551.35,25593.4,25501.8,25541.8,260669106,23921.02
2025-07-02,25588.3,25608.1,25378.75,25453.4,309828013,26681.66
2025-07-03,25505.1,25587.5,25384.35,25405.3,293428797,24531.7
2025-07-04,25428.85,25470.25,25331.65,25461.0,193511595,19101.33
2025-07-07,25450.45,25489.8,25407.25,25461.3,196051345,16923.26
2025-07-08,25427.85,25548.05,25424.15,25522.5,210410530,21947.32
2025-07-09,25514.6,25548.7,25424.35,25476.1,239081546,20549.5
2025-07-10,25511.65,25524.05,25340.45,25355.25,219609322,21435.36
2025-07-11,25255.5,25322.45,25129.0,25149.85,249987681,26251.65
2025-07-14,25149.5,25151.1,25001.95,25082.3,259533624,23316.33
2025-07-15,25089.5,25245.2,25088.45,25195.8,241340130,23282.7
2025-07-16,25196.6,25255.3,25121.05,25212.05,228815928,22254.54
2025-07-17,25230.75,25238.35,25101.0,25111.45,243412540,24715.35
2025-07-18,25108.55,25144.6,24918.65,24968.4,316979826,26330.8
2025-07-21,24999.0,25111.4,24882.3,25090.7,305216414,26062.25
2025-07-22,25166.65,25182.0,25035.55,25060.9,483725120,31248.06
2025-07-23,25139.35,25233.5,25085.5,25219.9,271539651,23042.49
2025-07-24,25243.3,25246.25,25018.7,25062.1,338728860,27433.34
2025-07-25,25010.35,25010.35,24806.35,24837.0,278136104,25273.64
2025-07-28,24782.45,24889.2,24646.6,24680.9,262142969,24976.54
2025-07-29,24609.65,24847.15,24598.6,24821.1,284657235,25954.42
2025-07-30,24890.4,24902.3,24771.95,24855.05,243886726,23525.25
2025-07-31,24642.25,24956.5,24635.0,24768.35,346303628,30477.71
2025-08-01,24734.9,24784.15,24535.05,24565.35,263357194,24972.45
2025-08-04,24596.05,24736.25,24554.0,24722.75,259329477,20372.68
2025-08-05,24720.25,24733.1,24590.3,24649.55,251849778,23815.36
2025-08-06,24641.35,24671.4,24539.2,24574.2,225091071,20559.22
2025-08-07,24464.2,24634.2,24344.15,24596.15,616739190,35574.59
2025-08-08,24544.25,24585.5,24337.5,24363.3,312630157,38135.74
2025-08-11,24371.5,24600.85,24347.45,24585.05,241145497,21081.61
2025-08-12,24563.35,24702.6,24465.65,24487.4,237002462,22258.29
2025-08-13,24586.2,24664.55,24535.25,24619.35,236006791,22843.14
2025-08-14,24607.25,24673.65,24596.9,24631.3,270162203,22375.44
2025-08-18,24938.2,25022.0,24852.85,24876.95,363071305,37637.67
2025-08-19,24891.35,25012.65,24873.95,24980.65,252340828,24781.97
2025-08-20,24965.8,25088.7,24929.7,25050.55,287054119,25330.45
2025-08-21,25142.0,25153.65,25054.9,25083.75,226542052,21865.07
2025-08-22,25064.15,25084.85,24859.15,24870.1,210165384,19655.78
2025-08-25,24949.15,25021.55,24894.35,24967.75,213032133,19871.25
2025-08-26,24899.5,24919.65,24689.6,24712.05,750473927,47068.2
2025-08-28,24695.8,24702.65,24481.6,24500.9,326601486,29371.67
2025-08-29,24466.7,24572.45,24404.7,24426.85,325543583,26796.69
2025-09-01,24432.7,24635.6,24432.7,24625.05,229327424,20704.88
2025-09-02,24653.0,24756.1,24522.35,24579.6,271558516,22051.8
2025-09-03,24616.5,24737.05,24533.2,24715.05,340283328,23533.08
2025-09-04,24980.75,24980.75,24708.2,24734.3,314094160,30252.19
2025-09-05,24818.85,24832.35,24621.6,24741.0,210071924,18530.24
2025-09-08,24802.6,24885.5,24751.55,24773.15,213228202,20122.88
2025-09-09,24864.1,24891.8,24814.0,24868.6,226919775,22356.88
2025-09-10,24991.0,25035.7,24915.05,24973.1,244146466,22458.98
2025-09-11,24945.5,25037.3,24940.15,25005.5,224570983,21316.72
2025-09-12,25074.45,25139.45,25038.05,25114.0,225739766,21335.67
2025-09-15,25118.9,25138.45,25048.75,25069.2,185375759,17115.6
2025-09-16,25073.6,25261.4,25070.45,25239.1,240122320,22642.86
2025-09-17,25276.6,25346.5,25275.35,25330.25,268936695,23484.12
2025-09-18,25441.05,25448.55,25329.75,25423.6,272193683,24198.11
2025-09-19,25410.2,25431.4,25286.3,25327.05,380362832,38805.58
2025-09-22,25238.1,25331.7,25151.05,25202.35,254509892,25277.82
2025-09-23,25209.0,25261.9,25084.65,25169.5,299204338,31435.17
2025-09-24,25108.75,25149.85,25027.45,25056.9,244382281,22310.05
2025-09-25,25034.5,25092.7,24878.3,24890.85,342534768,32715.91
2025-09-26,24818.55,24868.6,24629.45,24654.7,291537949,29987.93
2025-09-29,24728.55,24791.3,24606.2,24634.9,394388242,40004.93
2025-09-30,24691.95,24731.8,24587.7,24611.1,304924720,29285.11
2025-10-01,24620.55,24867.95,24605.95,24836.3,308135228,29041.17
2025-10-03,24759.55,24904.8,24747.55,24894.25,366929642,31409.06
2025-10-06,24916.55,25095.95,24881.65,25077.65,271953070,25160.76
2025-10-07,25085.3,25220.9,25076.3,25108.3,286833765,26176.23
2025-10-08,25079.75,25192.5,25008.5,25046.15,225967495,21701.19
2025-10-09,25074.3,25199.25,25024.3,25181.8,286253252,22617.86
2025-10-10,25167.65,25330.75,25156.85,25285.35,232943306,21749.23
2025-10-13,25177.3,25267.3,25152.3,25227.35,234285202,20806.83
2025-10-14,25277.55,25310.35,25060.55,25145.5,292129083,24151.97
2025-10-15,25181.95,25365.15,25159.35,25323.55,289930172,25202.02
2025-10-16,25394.9,25625.4,25376.85,25585.3,372777021,32008.64
2025-10-17,25546.85,25781.5,25508.6,25709.85,422055809,35106.96
2025-10-20,25824.6,25926.2,25788.5,25843.15,301133193,29637.12
2025-10-21,25901.2,25934.35,25825.8,25868.6,42477128,3831.1
2025-10-23,26057.2,26104.2,25862.45,25891.4,448404894,41777.68
2025-10-24,25935.1,25944.15,25718.2,25795.15,284913477,23527.98
2025-10-27,25843.2,26005.95,25827.0,25966.05,266337274,23989.06
2025-10-28,25939.95,26041.7,25810.05,25936.2,395231207,37023.32
2025-10-29,25982.0,26097.85,25960.3,26053.9,321880610,26309.32
2025-10-30,25984.4,26032.05,25845.25,25877.85,257373001,24180.46
2025-10-31,25863.8,25953.75,25711.2,25722.1,334384400,28788.4
2025-11-03,25696.85,25803.1,25645.5,25763.35,275858501,23949.88
2025-11-04,25744.75,25787.4,25578.4,25597.65,305143084,29307.41
2025-11-06,25593.35,25679.15,25491.55,25509.7,371852417,36129.62
2025-11-07,25433.8,25551.25,25318.45,25492.3,305606393,35487.0
2025-11-10,25503.5,25653.45,25503.5,25574.35,243592948,25023.65
2025-11-11,25617.0,25715.8,25449.25,25694.95,297714069,28285.51
2025-11-12,25834.3,25934.55,25781.15,25875.8,343864299,30633.19
2025-11-13,25906.1,26010.7,25808.4,25879.15,385170023,30145.74
2025-11-14,25767.9,25940.2,25740.8,25910.05,518943416,33121.81
2025-11-17,25948.2,26024.2,25906.35,26013.45,264610565,23384.35
2025-11-18,26021.8,26029.85,25876.5,25910.05,280000989,26059.6
